id,price,property_type,room_type,amenities,accommodates,bathrooms,bed_type,cancellation_policy,cleaning_fee,city,host_identity_verified,host_response_rate,host_since,neighbourhood,number_of_reviews,review_scores_rating,zipcode,bedrooms,beds
12513361,555.68,Apartment,Entire home/apt,"{TV,""Wireless Internet"",""Air conditioning"",""Smoke detector"",""Carbon monoxide detector"",Essentials,""Lock on bedroom door"",Hangers,Iron}",2,1,Real Bed,flexible,FALSE,NYC,t,89%,18-11-2015 0:00,East Harlem,3,87,10029,0,1
7196412,366.36,Cabin,Private room,"{""Wireless Internet"",Kitchen,Washer,Dryer,""Smoke detector"",""First aid kit"",""Fire extinguisher"",Essentials,""Hair dryer"",""translation missing: en.hosting_amenity_49"",""translation missing: en.hosting_amenity_50""}",2,3,Real Bed,moderate,FALSE,LA,f,100%,10-09-2016 0:00,Valley Glen,14,91,91606,1,1
16333776,482.83,House,Private room,"{TV,""Cable TV"",Internet,""Wireless Internet"",Kitchen,""Free parking on premises"",""Pets live on this property"",Dog(s),""Indoor fireplace"",""Buzzer/wireless intercom"",Heating,Washer,Dryer,""Smoke detector"",""Carbon monoxide detector"",""First aid kit"",""Safety card"",""Fire extinguisher"",Essentials,Shampoo,""24-hour check-in"",Hangers,""Hair dryer"",Iron,""Laptop friendly workspace"",""translation missing: en.hosting_amenity_49"",""translation missing: en.hosting_amenity_50"",""Self Check-In"",Lockbox}",2,1,Real Bed,strict,TRUE,SF,t,100%,26-12-2013 0:00,Richmond District,117,96,94118,1,1
1786412,448.86,Apartment,Private room,"{""Wireless Internet"",""Air conditioning"",Kitchen,Heating,""Suitable for events"",""Smoke detector"",""Carbon monoxide detector"",""First aid kit"",""Fire extinguisher"",Essentials,Shampoo,""Lock on bedroom door"",Hangers,""translation missing: en.hosting_amenity_49"",""translation missing: en.hosting_amenity_50""}",2,1,Real Bed,strict,TRUE,NYC,t,93%,11-05-2010 0:00,Williamsburg,8,86,11211,1,1
14575777,506.89,Villa,Private room,"{TV,Internet,""Wireless Internet"",""Air conditioning"",Kitchen,""Free parking on premises"",Essentials,Shampoo,""translation missing: en.hosting_amenity_49"",""translation missing: en.hosting_amenity_50""}",6,2,Real Bed,strict,TRUE,LA,t,70%,22-10-2015 0:00,,2,100,90703,3,3
20515889,720.79,Villa,Entire home/apt,"{TV,""Cable TV"",Internet,""Wireless Internet"",Kitchen,""Free parking on premises"",""Pets allowed"",""Elevator in building"",""Hot tub"",""Indoor fireplace"",Heating,""Family/kid friendly"",""Suitable for events"",Washer,Dryer,""Smoke detector"",""Carbon monoxide detector"",""First aid kit"",""Safety card"",""Fire extinguisher"",Essentials,Shampoo}",8,3,Real Bed,strict,TRUE,LA,f,20%,26-05-2014 0:00,Topanga,0,,90265,3,4
13783491,516.48,Villa,Private room,"{TV,""Cable TV"",Internet,""Wireless Internet"",""Air conditioning"",Pool,Kitchen,""Free parking on premises"",""Pets allowed"",""Hot tub"",""Indoor fireplace"",Heating,""Family/kid friendly"",Washer,Dryer,""Smoke detector"",""Carbon monoxide detector"",""Fire extinguisher"",Essentials,Shampoo,""Lock on bedroom door"",""24-hour check-in"",Hangers,""Hair dryer"",Iron,""Laptop friendly workspace""}",2,1,Real Bed,strict,TRUE,LA,t,90%,20-08-2015 0:00,Hollywood Hills,1,100,90046,1,1
6591755,529.33,Villa,Entire home/apt,"{TV,""Cable TV"",Internet,""Wireless Internet"",Kitchen,""Pets allowed"",""Pets live on this property"",""Buzzer/wireless intercom"",Heating,""Family/kid friendly"",Washer,Dryer,""Smoke detector"",""Carbon monoxide detector"",""Fire extinguisher"",Essentials,Hangers,""Hair dryer"",Iron,""Laptop friendly workspace""}",16,3,Real Bed,strict,TRUE,LA,t,91%,16-01-2016 0:00,Long Beach,88,90,90803,4,6
5203241,679.68,Villa,Entire home/apt,"{TV,""Cable TV"",Internet,""Wireless Internet"",""Air conditioning"",Pool,Kitchen,Gym,""Hot tub"",""Indoor fireplace"",Heating,""Family/kid friendly"",Washer,Dryer,""Smoke detector"",""Carbon monoxide detector"",""Fire extinguisher"",Essentials,Shampoo,""24-hour check-in"",Hangers,""Hair dryer"",Iron,""Laptop friendly workspace""}",6,2,Real Bed,strict,TRUE,LA,t,100%,17-08-2017 0:00,Rancho Palos Verdes,1,100,90275,2,4
11508891,633.51,Villa,Entire home/apt,"{TV,Internet,""Wireless Internet"",Kitchen,""Free parking on premises"",Heating,""Family/kid friendly"",Washer,Dryer,Essentials,""24-hour check-in"",""Laptop friendly workspace"",""Self Check-In"",Keypad}",10,2,Real Bed,strict,TRUE,LA,t,94%,12-08-2015 0:00,Malibu,43,92,90265,2,2
18823930,485.98,Villa,Entire home/apt,"{TV,Internet,""Wireless Internet"",Kitchen,""Free parking on premises"",""Smoking allowed"",""Pets allowed"",Heating,""Family/kid friendly"",Washer,Dryer,Essentials,""24-hour check-in"",Hangers,Iron,""Laptop friendly workspace""}",6,1,Real Bed,moderate,TRUE,LA,t,90%,06-12-2013 0:00,Harbor Gateway,27,93,90501,2,2
15523281,598.9,Villa,Entire home/apt,"{TV,""Cable TV"",Internet,""Wireless Internet"",Pool,Kitchen,""Free parking on premises"",Gym,Breakfast,""Hot tub"",""Indoor fireplace"",Heating,""Family/kid friendly"",Washer,Dryer,""Smoke detector"",""Carbon monoxide detector"",Essentials,Shampoo,""Lock on bedroom door"",Hangers,""Private entrance""}",4,1,Real Bed,strict,TRUE,LA,f,100%,20-05-2014 0:00,,5,88,90704,1,2
19698509,741.76,Villa,Entire home/apt,"{TV,""Cable TV"",Internet,""Wireless Internet"",""Air conditioning"",Kitchen,""Free parking on premises"",Heating,""Family/kid friendly"",Washer,Dryer,""Smoke detector"",""Carbon monoxide detector"",""First aid kit"",""Safety card"",""Fire extinguisher"",Essentials,Shampoo,Hangers,""Hair dryer"",Iron}",8,4,Real Bed,super_strict_60,TRUE,LA,t,100%,05-01-2015 0:00,,0,,90277,4,4
12497464,431.75,Apartment,Private room,"{""Wireless Internet"",Kitchen,""Buzzer/wireless intercom"",Heating,""Family/kid friendly"",Washer,Dryer,""Smoke detector"",""Carbon monoxide detector""}",2,1,Real Bed,moderate,TRUE,NYC,t,,14-01-2014 0:00,Crown Heights,2,80,11238,1,1
17764793,469.13,Villa,Private room,"{TV,""Cable TV"",Internet,""Wireless Internet"",""Air conditioning"",Pool,""Pets live on this property"",Dog(s),""Free parking on street"",""Hot tub"",Heating,""Family/kid friendly"",""Smoke detector"",""Carbon monoxide detector"",Essentials,Shampoo,""Lock on bedroom door"",Hangers,""Hair dryer"",Iron,""Laptop friendly workspace"",""translation missing: en.hosting_amenity_50""}",2,1,Real Bed,moderate,TRUE,LA,t,100%,02-11-2012 0:00,Topanga,6,100,91364,1,1
11136854,485.2,Villa,Entire home/apt,"{TV,Internet,""Wireless Internet"",""Air conditioning"",Kitchen,""Free parking on premises"",""Pets allowed"",Heating,""Family/kid friendly"",Washer,Dryer,""Smoke detector"",""Carbon monoxide detector"",""First aid kit"",""Fire extinguisher"",Essentials,Shampoo,Hangers,""Hair dryer"",Iron,""Laptop friendly workspace"",""Self Check-In"",""Doorman Entry""}",6,1,Real Bed,strict,TRUE,LA,t,100%,12-08-2014 0:00,Temple City,28,96,91780,2,4
15754561,482.83,Apartment,Entire home/apt,"{""Wireless Internet"",""Air conditioning"",Kitchen,""Family/kid friendly"",""Smoke detector"",""Carbon monoxide detector"",""First aid kit"",""Safety card"",""Fire extinguisher"",Essentials,Hangers,Iron,""Laptop friendly workspace""}",4,1,Real Bed,moderate,TRUE,NYC,f,100%,07-06-2017 0:00,Bedford-Stuyvesant,0,,11216,1,1
4471474,313.55,House,Shared room,{},1,1,Real Bed,flexible,TRUE,LA,t,100%,20-12-2013 0:00,,0,,91405,1,1
13207484,368.89,House,Shared room,"{TV,""Cable TV"",Internet,""Wireless Internet"",""Air conditioning"",Kitchen,""Smoking allowed"",""Pets allowed"",""Pets live on this property"",Dog(s),""Buzzer/wireless intercom"",Heating,""Family/kid friendly"",""Suitable for events"",Washer,""Smoke detector"",""Carbon monoxide detector"",""First aid kit"",""Fire extinguisher"",Essentials,Shampoo,""24-hour check-in"",Hangers,""Hair dryer"",Iron,""Laptop friendly workspace""}",4,1,Couch,strict,TRUE,LA,t,25%,05-12-2016 0:00,Hollywood,0,,90028,1,1
7837072,336.73,House,Private room,"{Internet,""Wireless Internet"",""Air conditioning"",Kitchen,""Free parking on premises"",""Indoor fireplace"",Heating,Washer,Dryer,""Smoke detector"",""Carbon monoxide detector"",""Fire extinguisher"",Essentials,Shampoo,Hangers,""Hair dryer"",Iron,""Laptop friendly workspace"",""translation missing: en.hosting_amenity_49"",""translation missing: en.hosting_amenity_50""}",2,1,Real Bed,moderate,FALSE,LA,f,98%,02-07-2017 0:00,,0,,91770,1,1
7823396,417.44,House,Private room,"{TV,""Cable TV"",""Wireless Internet"",""Air conditioning"",Heating,""Family/kid friendly"",""Smoke detector"",""Carbon monoxide detector"",Essentials,Hangers,""Hair dryer"",Iron,""Laptop friendly workspace"",""Private entrance"",""Hot water"",""Bed linens"",""Extra pillows and blankets"",""Ethernet connection"",Microwave,""Coffee maker"",Refrigerator,""Dishes and silverware"",""Long term stays allowed"",""Wide doorway"",""Flat, smooth pathway to front door"",""Well-lit path to entrance"",""Step-free access"",""Wide clearance to bed"",""Step-free access"",""Wide entryway""}",2,1,Real Bed,moderate,TRUE,NYC,f,100%,27-05-2015 0:00,Richmond Hill,74,96,11419,1,1
7966742,423.41,House,Private room,"{Internet,""Wireless Internet"",""Air conditioning"",Kitchen,""Free parking on premises"",""Indoor fireplace"",Heating,Washer,Dryer,""Smoke detector"",""First aid kit"",""Fire extinguisher"",Essentials,Shampoo,""Lock on bedroom door"",Hangers,""Hair dryer"",Iron,""Laptop friendly workspace"",""translation missing: en.hosting_amenity_49"",""translation missing: en.hosting_amenity_50""}",2,1,Real Bed,strict,TRUE,NYC,t,100%,27-06-2012 0:00,Bedford-Stuyvesant,18,89,11221,1,1
257568,389.18,House,Private room,"{TV,Internet,""Wireless Internet"",""Air conditioning"",Kitchen,""Buzzer/wireless intercom"",Heating,""Smoke detector"",""Carbon monoxide detector"",""First aid kit"",""Fire extinguisher"",Essentials,Shampoo,""Lock on bedroom door"",""24-hour check-in"",Hangers,""Hair dryer"",Iron,""Laptop friendly workspace"",""translation missing: en.hosting_amenity_49"",""translation missing: en.hosting_amenity_50"",""Self Check-In"",Keypad}",3,1,Real Bed,strict,TRUE,NYC,t,100%,20-04-2013 0:00,Astoria,246,90,11106,1,1
18073864,482.83,Apartment,Entire home/apt,"{TV,""Cable TV"",Internet,""Wireless Internet"",""Air conditioning"",Pool,Kitchen,""Free parking on premises"",Gym,""Hot tub"",Heating,""Family/kid friendly"",Washer,Dryer,Essentials,Shampoo,""24-hour check-in"",Hangers,""Hair dryer"",""translation missing: en.hosting_amenity_50""}",4,2,Real Bed,flexible,TRUE,LA,t,100%,27-09-2012 0:00,,10,90,91302,2,2
13667633,541.61,House,Entire home/apt,"{TV,""Cable TV"",Internet,""Wireless Internet"",Kitchen,""Free parking on premises"",""Pets live on this property"",Dog(s),Heating,""Family/kid friendly"",""Suitable for events"",Washer,Dryer,""Smoke detector"",""Carbon monoxide detector"",""First aid kit"",""Safety card"",""Fire extinguisher"",Essentials,Shampoo}",5,2,Real Bed,flexible,TRUE,LA,t,100%,08-05-2015 0:00,Westchester/Playa Del Rey,8,94,90045,2,2
590903,662.01,House,Entire home/apt,"{TV,""Cable TV"",Internet,""Wireless Internet"",""Air conditioning"",Pool,Kitchen,""Free parking on premises"",""Indoor fireplace"",Heating,""Family/kid friendly"",Washer,Dryer,""Smoke detector"",""Carbon monoxide detector"",Essentials,Shampoo,Hangers,""Hair dryer"",Iron,""Laptop friendly workspace"",""Self Check-In"",Lockbox,""Private entrance""}",6,2,Real Bed,moderate,TRUE,LA,t,100%,01-03-2015 0:00,Mid-Wilshire,2,100,90048,3,3
19161964,391.2,House,Private room,"{Internet,""Wireless Internet"",""Air conditioning"",""Free parking on premises"",""Hot tub"",""Family/kid friendly"",Washer,Dryer,""Smoke detector"",""Carbon monoxide detector"",""First aid kit"",Shampoo,""Hair dryer"",Iron}",1,1,Real Bed,flexible,TRUE,LA,f,,14-07-2016 0:00,,0,,90650,1,1
19475815,470.05,House,Private room,"{TV,Internet,""Wireless Internet"",""Air conditioning"",Kitchen,""Pets allowed"",Breakfast,Heating,Essentials,Shampoo,""Lock on bedroom door"",Hangers,""Hair dryer"",Iron,""Laptop friendly workspace"",""translation missing: en.hosting_amenity_49"",""translation missing: en.hosting_amenity_50"",""Private living room""}",2,1,Real Bed,moderate,TRUE,NYC,t,60%,14-11-2015 0:00,Astoria,4,93,11106,1,1
1407841,412.71,House,Private room,"{TV,""Wireless Internet"",""Air conditioning"",Kitchen,""Free parking on premises"",Breakfast,""Indoor fireplace"",Heating,Washer,Dryer,""Smoke detector"",""Carbon monoxide detector"",""First aid kit"",""Safety card"",""Fire extinguisher"",Essentials,Shampoo,""Lock on bedroom door"",Hangers,""Hair dryer"",Iron,""Laptop friendly workspace"",""translation missing: en.hosting_amenity_49"",""translation missing: en.hosting_amenity_50""}",2,1,Real Bed,moderate,TRUE,LA,t,100%,27-05-2016 0:00,Mar Vista,18,99,90066,1,1
1535628,407.75,House,Private room,"{""Wireless Internet"",Kitchen,""Pets live on this property"",Dog(s),Heating,Washer,Dryer,""Smoke detector"",""Carbon monoxide detector"",Essentials,Hangers,""translation missing: en.hosting_amenity_49"",""translation missing: en.hosting_amenity_50""}",2,2,Real Bed,moderate,TRUE,NYC,f,100%,10-03-2016 0:00,Hunts Point,4,100,10474,1,1
6888244,501.06,House,Private room,"{TV,""Wireless Internet"",""Air conditioning"",Pool,Kitchen,""Pets allowed"",Heating,""Family/kid friendly"",Washer,Dryer,""Smoke detector"",""Fire extinguisher"",Essentials,Shampoo,""Lock on bedroom door"",Hangers,""Hair dryer"",Iron,""Laptop friendly workspace"",""Self Check-In"",Lockbox,""Bed linens"",""Extra pillows and blankets""}",2,2,Real Bed,strict,TRUE,NYC,t,100%,25-03-2011 0:00,Carroll Gardens,8,83,11231,1,1
8889145,539.36,House,Entire home/apt,"{TV,""Wireless Internet"",""Air conditioning"",Kitchen,""Free parking on premises"",""Indoor fireplace"",Heating,""Family/kid friendly"",Washer,Dryer,""Smoke detector"",Essentials}",4,2,Real Bed,moderate,TRUE,LA,t,,06-01-2012 0:00,Studio City,0,,91604,2,2
15073872,474.49,House,Private room,"{TV,""Cable TV"",Internet,""Wireless Internet"",""Air conditioning"",Kitchen,""Free parking on premises"",""Smoking allowed"",""Pets allowed"",Gym,""Pets live on this property"",Dog(s),Cat(s),Heating,""Family/kid friendly"",""Smoke detector"",""Carbon monoxide detector"",""First aid kit"",""Safety card"",""Fire extinguisher"",Essentials,Shampoo,""Lock on bedroom door"",""24-hour check-in"",Hangers,""Hair dryer"",Iron,""Laptop friendly workspace""}",4,1,Real Bed,flexible,FALSE,LA,t,100%,06-03-2013 0:00,Studio City,6,100,91604,1,1
10174146,695.65,House,Entire home/apt,"{TV,Internet,""Wireless Internet"",""Air conditioning"",Pool,Kitchen,""Free parking on premises"",""Hot tub"",""Indoor fireplace"",Heating,""Family/kid friendly"",""Suitable for events"",Washer,Dryer,""Smoke detector"",""Carbon monoxide detector"",""First aid kit"",""Fire extinguisher"",Shampoo}",9,4,Real Bed,moderate,TRUE,LA,t,83%,09-08-2015 0:00,,1,100,90048,5,5
12600300,424.85,House,Private room,"{""Wireless Internet"",""Air conditioning"",Kitchen,Heating,""Family/kid friendly"",Washer,Dryer,""Smoke detector"",""Carbon monoxide detector"",Essentials,Shampoo,Hangers,""Hair dryer"",""Laptop friendly workspace"",""translation missing: en.hosting_amenity_50"",""Self Check-In"",Keypad}",4,2,Real Bed,strict,TRUE,NYC,f,99%,06-05-2017 0:00,Flushing,12,93,11355,1,2
62427,667.83,Villa,Entire home/apt,"{TV,""Cable TV"",Internet,""Wireless Internet"",""Air conditioning"",Pool,Kitchen,""Free parking on premises"",Gym,""Indoor fireplace"",Heating,""Family/kid friendly"",""Suitable for events"",Washer,Dryer,""Smoke detector"",""Carbon monoxide detector"",""First aid kit"",""Fire extinguisher"",Essentials,Shampoo,""24-hour check-in"",Hangers,""Hair dryer"",Iron,""Laptop friendly workspace"",""Self Check-In"",""Doorman Entry""}",12,4,Real Bed,strict,TRUE,LA,t,100%,28-09-2011 0:00,Topanga,32,99,90290,4,4
5447656,417.44,House,Private room,"{TV,""Cable TV"",""Wireless Internet"",""Air conditioning"",Kitchen,""Indoor fireplace"",Heating,""Family/kid friendly"",Washer,Dryer,""Smoke detector"",""Carbon monoxide detector"",Essentials,Hangers,""Hair dryer"",Iron}",2,1,Real Bed,flexible,TRUE,DC,t,100%,25-03-2011 0:00,Logan Circle,7,97,20005,1,1
2974433,529.33,House,Entire home/apt,"{TV,""Cable TV"",Internet,""Wireless Internet"",Kitchen,""Free parking on premises"",""Hot tub"",Heating,""Family/kid friendly"",""Suitable for events"",""Smoke detector"",""Carbon monoxide detector"",""First aid kit"",""Fire extinguisher"",Essentials,Shampoo}",4,1,Real Bed,strict,FALSE,LA,t,100%,28-11-2011 0:00,Long Beach,109,97,90803,1,1
17010314,430.41,House,Private room,"{""Wireless Internet"",""Air conditioning"",Pool,Kitchen,""Free parking on premises"",""Pets allowed"",""Pets live on this property"",Dog(s),Cat(s),""Other pet(s)"",Heating,""Family/kid friendly"",Washer,""Smoke detector"",""Carbon monoxide detector"",""First aid kit"",""Fire extinguisher"",Essentials,Shampoo,""24-hour check-in"",Hangers,""Hair dryer"",""Laptop friendly workspace"",""translation missing: en.hosting_amenity_50""}",2,1,Real Bed,moderate,TRUE,LA,t,100%,06-03-2013 0:00,,33,99,91506,1,1
20167264,385.01,House,Private room,"{Internet,""Wireless Internet"",""Air conditioning"",Kitchen,""Free parking on premises"",Breakfast,Heating,Washer,Dryer,""Smoke detector"",""Carbon monoxide detector"",Essentials,Shampoo,""translation missing: en.hosting_amenity_49"",""translation missing: en.hosting_amenity_50""}",1,1,Real Bed,flexible,TRUE,Boston,t,100%,06-03-2013 0:00,Dorchester,220,98,2125,1,1
4156913,570.38,House,Entire home/apt,"{TV,""Wireless Internet"",""Air conditioning"",Kitchen,""Free parking on premises"",""Pets allowed"",Heating,""Family/kid friendly"",""Suitable for events"",Washer,Dryer,""Smoke detector"",""Carbon monoxide detector"",""First aid kit"",""Safety card"",""Fire extinguisher"",Essentials,Hangers,""Hair dryer"",""Laptop friendly workspace""}",6,2,Real Bed,moderate,TRUE,NYC,f,100%,30-05-2016 0:00,The Rockaways,2,100,11509,4,5
11993790,602.83,House,Entire home/apt,"{TV,""Wireless Internet"",""Air conditioning"",Kitchen,Breakfast,""Indoor fireplace"",Heating,""Family/kid friendly"",Washer,Dryer,""Smoke detector"",""Carbon monoxide detector"",""First aid kit"",""Safety card"",""Fire extinguisher"",Essentials,Shampoo,""Lock on bedroom door"",Hangers,""Hair dryer"",Iron,""Laptop friendly workspace"",""translation missing: en.hosting_amenity_50"",""Private entrance"",""Children??s books and toys"",""Fireplace guards"",Microwave,""Coffee maker"",Refrigerator,Dishwasher,""Dishes and silverware"",""Cooking basics"",Oven,Stove}",7,2,Real Bed,strict,TRUE,NYC,f,100%,06-05-2017 0:00,Windsor Terrace,0,,11218,5,5
10989476,455.39,House,Private room,"{TV,""Cable TV"",Internet,""Wireless Internet"",Kitchen,Heating,Washer,Dryer,""Smoke detector"",""Carbon monoxide detector"",""First aid kit"",Essentials,Shampoo,""24-hour check-in"",Hangers,""Laptop friendly workspace"",""translation missing: en.hosting_amenity_49"",""translation missing: en.hosting_amenity_50"",""Hot water"",""Bed linens""}",2,1,Real Bed,moderate,TRUE,SF,t,100%,20-04-2013 0:00,Bernal Heights,28,98,94110,1,1
7939396,459.51,Villa,Entire home/apt,"{TV,""Cable TV"",Internet,""Wireless Internet"",Kitchen,""Pets allowed"",Heating,""Family/kid friendly"",Washer,Dryer,""Smoke detector"",""Carbon monoxide detector"",""Fire extinguisher"",""24-hour check-in"",Hangers,""Hair dryer""}",6,1,Real Bed,strict,TRUE,LA,t,91%,16-01-2014 0:00,Long Beach,120,89,90803,2,3
17840858,529.83,House,Private room,"{""Cable TV"",Internet,""Wireless Internet"",""Air conditioning"",Pool,""Hot tub"",Heating,""Smoke detector"",Essentials}",2,1,Real Bed,moderate,TRUE,LA,f,,10-03-2015 0:00,Mid-Wilshire,0,,90048,1,1
2444713,506.89,House,Entire home/apt,"{TV,Internet,""Wireless Internet"",""Air conditioning"",Kitchen,Heating,""Smoke detector"",""Carbon monoxide detector"",""First aid kit"",""Fire extinguisher"",Essentials,Shampoo,""24-hour check-in"",Hangers,""Hair dryer"",Iron,""Laptop friendly workspace"",""translation missing: en.hosting_amenity_50""}",2,1,Real Bed,moderate,TRUE,LA,t,100%,20-06-2014 0:00,Echo Park,117,98,90039,0,1
13276443,470.05,House,Private room,"{""Cable TV"",Internet,""Wireless Internet"",""Air conditioning"",Kitchen,""Indoor fireplace"",Washer,""Smoke detector"",""Carbon monoxide detector"",""First aid kit"",Shampoo}",2,1,Real Bed,flexible,FALSE,SF,t,,15-05-2013 0:00,Russian Hill,2,100,94109,1,1
19947454,459.51,Apartment,Private room,"{TV,Internet,""Wireless Internet"",Kitchen,""Free parking on premises"",""Hot tub"",Heating,Washer,Dryer,""Smoke detector"",""Carbon monoxide detector"",Essentials,Shampoo,Hangers,""Hair dryer"",Iron,""Laptop friendly workspace"",""translation missing: en.hosting_amenity_49"",""translation missing: en.hosting_amenity_50""}",2,1,Real Bed,flexible,TRUE,LA,t,100%,14-04-2014 0:00,Westwood,10,98,90024,1,1
13653016,417.44,Other,Private room,"{TV,Internet,""Wireless Internet"",""Air conditioning"",""Smoking allowed"",Heating,""Family/kid friendly"",""Smoke detector"",""Carbon monoxide detector"",""First aid kit"",""Safety card"",""Fire extinguisher"",""24-hour check-in""}",3,1,Real Bed,strict,FALSE,LA,f,100%,28-11-2016 0:00,,1,20,90731,1,1
20942873,480.4,Condominium,Private room,"{TV,""Cable TV"",Internet,""Wireless Internet"",Kitchen,""Free parking on premises"",""Indoor fireplace"",Heating,Washer,Dryer,""Smoke detector"",""Carbon monoxide detector"",Essentials,Shampoo,""Lock on bedroom door"",Hangers,""Hair dryer"",""translation missing: en.hosting_amenity_49"",""translation missing: en.hosting_amenity_50"",""Self Check-In"",Lockbox}",2,1,Real Bed,flexible,FALSE,LA,t,80%,13-09-2013 0:00,Santa Monica,28,96,90405,1,1
19583726,552.15,Condominium,Entire home/apt,"{TV,Internet,""Wireless Internet"",""Air conditioning"",Kitchen,""Buzzer/wireless intercom"",Heating,Washer,Dryer,""Smoke detector"",""Carbon monoxide detector"",""Fire extinguisher"",Essentials,Shampoo,""24-hour check-in"",Hangers,""Hair dryer"",Iron,""Laptop friendly workspace"",""translation missing: en.hosting_amenity_49"",""translation missing: en.hosting_amenity_50""}",4,2,Real Bed,moderate,FALSE,Boston,f,,08-06-2015 0:00,South Boston,15,97,2127,2,2
17196103,482.83,Apartment,Entire home/apt,"{TV,""Cable TV"",Internet,""Wireless Internet"",""Air conditioning"",Kitchen,""Free parking on premises"",""Elevator in building"",""Indoor fireplace"",""Buzzer/wireless intercom"",Heating,Washer,Dryer,Essentials,Shampoo,""24-hour check-in"",Hangers,""Hair dryer"",Iron,""Laptop friendly workspace""}",4,1,Real Bed,moderate,TRUE,LA,t,89%,25-12-2009 0:00,Marina Del Rey,11,91,90292,1,1
9318115,680.13,House,Entire home/apt,"{Internet,""Wireless Internet"",Kitchen,""Free parking on premises"",""Pets allowed"",""Indoor fireplace"",Heating,""Family/kid friendly"",Washer,""Smoke detector"",""Carbon monoxide detector"",""First aid kit"",Essentials,Shampoo,Hangers,""Hair dryer"",""Laptop friendly workspace"",""Private entrance""}",5,1,Real Bed,strict,TRUE,LA,f,100%,13-06-2016 0:00,Malibu,0,,90265,3,3
9937434,497.67,Apartment,Entire home/apt,"{TV,""Wireless Internet"",""Air conditioning"",Heating,""Family/kid friendly"",Washer,Dryer,""Smoke detector"",""Carbon monoxide detector"",Essentials,Shampoo,""Lock on bedroom door"",Hangers,""Hair dryer"",Iron,""translation missing: en.hosting_amenity_50"",""Self Check-In"",Keypad}",2,1,Real Bed,strict,TRUE,LA,t,100%,23-03-2016 0:00,Hermosa Beach,1,60,90254,0,1
4454031,685.65,House,Entire home/apt,"{TV,Internet,""Wireless Internet"",Kitchen,""Free parking on premises"",""Pets live on this property"",""Other pet(s)"",Heating,""Family/kid friendly"",Washer,Dryer,""Smoke detector"",""Carbon monoxide detector"",Essentials,Shampoo,""Hair dryer""}",6,2,Real Bed,moderate,TRUE,LA,t,100%,08-10-2014 0:00,,6,100,90266,4,4
16259866,361.09,House,Private room,"{""Wireless Internet"",""Air conditioning"",Kitchen,Heating,""Family/kid friendly"",""Smoke detector"",""Carbon monoxide detector"",""First aid kit"",""Fire extinguisher"",Essentials,""Lock on bedroom door"",Hangers,""Laptop friendly workspace"",""translation missing: en.hosting_amenity_50""}",2,1,Real Bed,flexible,FALSE,NYC,f,100%,11-01-2016 0:00,East New York,14,85,11208,1,1
20282225,507.52,Apartment,Private room,"{Internet,""Wireless Internet"",""Air conditioning"",Kitchen,Heating,Washer,Dryer,""Smoke detector"",""Carbon monoxide detector"",""Fire extinguisher"",Essentials,Shampoo,Hangers,""Hair dryer"",""Laptop friendly workspace""}",2,1,Real Bed,moderate,TRUE,Boston,f,100%,14-07-2014 0:00,Dorchester,1,100,2125,1,1
23269,519.3,Condominium,Entire home/apt,"{TV,Internet,""Wireless Internet"",""Air conditioning"",""Wheelchair accessible"",Kitchen,""Free parking on premises"",Gym,""Pets live on this property"",""Elevator in building"",Heating,""Family/kid friendly"",Washer,Dryer,""Smoke detector"",""Carbon monoxide detector"",Shampoo,Hangers,""Hair dryer"",Iron,""Laptop friendly workspace""}",6,2,Real Bed,moderate,TRUE,LA,t,100%,29-11-2015 0:00,,10,100,90802,2,2
7637363,661.87,House,Entire home/apt,"{TV,""Wireless Internet"",Pool,Kitchen,""Free parking on premises"",""Hot tub"",""Indoor fireplace"",Heating,""Family/kid friendly"",Washer,Dryer,""Smoke detector"",""Carbon monoxide detector"",Essentials,Shampoo,Hangers,""Hair dryer"",Iron,""translation missing: en.hosting_amenity_50""}",8,3,Real Bed,strict,TRUE,LA,t,100%,12-01-2014 0:00,Manhattan Beach,5,96,90266,4,4
6391342,417.44,House,Private room,"{TV,""Cable TV"",Internet,""Wireless Internet"",""Air conditioning"",Kitchen,""Free parking on premises"",Breakfast,""Indoor fireplace"",""Buzzer/wireless intercom"",Heating,Washer,Dryer,""Smoke detector"",""First aid kit"",""Fire extinguisher"",Essentials,Shampoo,""24-hour check-in"",Iron}",2,1,Real Bed,strict,TRUE,LA,f,100%,24-06-2014 0:00,Westlake,36,96,90005,1,1
11606802,455.39,House,Entire home/apt,"{TV,""Cable TV"",Internet,""Wireless Internet"",""Air conditioning"",Kitchen,""Free parking on premises"",""Pets allowed"",Breakfast,Heating,""Family/kid friendly"",Washer,Dryer,""Smoke detector"",""Carbon monoxide detector"",""First aid kit"",""Safety card"",""Fire extinguisher"",Essentials,Shampoo,""24-hour check-in"",Hangers,""Hair dryer"",Iron,""Laptop friendly workspace"",""Private entrance""}",5,1,Real Bed,moderate,TRUE,LA,t,100%,22-06-2016 0:00,Westlake,45,97,90015,1,2
12289125,486.75,House,Entire home/apt,"{TV,Internet,""Wireless Internet"",""Air conditioning"",Kitchen,Breakfast,""Indoor fireplace"",""Buzzer/wireless intercom"",Heating,""Smoke detector"",""Carbon monoxide detector"",""Fire extinguisher"",Essentials,Shampoo,Hangers,Iron,""Laptop friendly workspace"",""translation missing: en.hosting_amenity_49"",""translation missing: en.hosting_amenity_50""}",6,2,Real Bed,strict,TRUE,LA,t,80%,02-02-2014 0:00,Westlake,31,95,90057,2,4
19875244,630.99,Condominium,Entire home/apt,"{TV,""Cable TV"",""Wireless Internet"",""Air conditioning"",Kitchen,Breakfast,""Indoor fireplace"",""Buzzer/wireless intercom"",Heating,""Family/kid friendly"",Washer,Dryer,""Smoke detector"",""Carbon monoxide detector"",""Safety card"",""Fire extinguisher"",Essentials,Shampoo,Hangers,""Hair dryer"",Iron,""Laptop friendly workspace""}",6,2,Real Bed,flexible,TRUE,Chicago,t,100%,27-09-2010 0:00,Lakeview,0,,60657,2,2
392794,270.81,House,Shared room,"{TV,""Cable TV"",Internet,""Wireless Internet"",""Air conditioning"",Kitchen,Heating,Washer,Dryer,""Smoke detector"",""Carbon monoxide detector"",""First aid kit"",""Safety card"",""Fire extinguisher"",Essentials,Shampoo,""Lock on bedroom door"",Hangers,""Hair dryer"",Iron,""Laptop friendly workspace"",""translation missing: en.hosting_amenity_49"",""translation missing: en.hosting_amenity_50""}",4,1,Real Bed,strict,FALSE,LA,t,99%,27-03-2016 0:00,Westlake,35,85,90006,1,10
992786,474.49,Apartment,Entire home/apt,"{TV,Internet,""Wireless Internet"",""Air conditioning"",Kitchen,""Pets allowed"",""Pets live on this property"",Dog(s),""Buzzer/wireless intercom"",Heating,""Smoke detector"",""First aid kit"",""Safety card"",Essentials,Shampoo,""24-hour check-in"",Hangers,Iron,""Laptop friendly workspace"",""translation missing: en.hosting_amenity_49"",""translation missing: en.hosting_amenity_50""}",2,1,Real Bed,moderate,TRUE,NYC,t,67%,04-02-2012 0:00,Harlem,21,96,10035,1,1
13650177,438.2,Apartment,Private room,"{TV,""Cable TV"",Internet,""Wireless Internet"",""Air conditioning"",""Wheelchair accessible"",Kitchen,Elevator,Heating,""Family/kid friendly"",Washer,Dryer,""Smoke detector"",""First aid kit"",""Fire extinguisher"",Essentials,Hangers,Iron,""Laptop friendly workspace"",""Hot water"",""Bed linens"",Microwave,""Coffee maker"",Refrigerator,""Dishes and silverware"",""Cooking basics"",Oven,Stove}",2,1,Real Bed,strict,TRUE,NYC,t,100%,04-07-2015 0:00,Harlem,2,100,10030,1,1
5792141,486.75,Apartment,Entire home/apt,"{TV,Internet,""Wireless Internet"",""Air conditioning"",Kitchen,""Buzzer/wireless intercom"",Heating,""Family/kid friendly"",""Smoke detector"",Hangers,""Hair dryer"",Iron}",4,1,Real Bed,strict,TRUE,NYC,t,80%,03-12-2010 0:00,Harlem,85,90,10027,1,2
6390069,570.38,Apartment,Entire home/apt,"{TV,""Wireless Internet"",Kitchen,""Buzzer/wireless intercom"",Heating,""Family/kid friendly"",""Smoke detector"",""Carbon monoxide detector"",Essentials,""Laptop friendly workspace""}",4,1,Real Bed,moderate,TRUE,NYC,t,,17-01-2011 0:00,Harlem,0,,10027,2,3
8579757,501.06,Condominium,Entire home/apt,"{TV,""Wireless Internet"",""Air conditioning"",Kitchen,Elevator,Heating,""Family/kid friendly"",""Suitable for events"",""Smoke detector"",""Carbon monoxide detector"",""First aid kit"",Essentials,Shampoo,""Lock on bedroom door"",Hangers,""Hair dryer"",Iron}",5,1,Real Bed,moderate,FALSE,NYC,f,93%,05-01-2017 0:00,Harlem,2,90,10039,2,3
14115855,448.86,Apartment,Private room,"{TV,""Wireless Internet"",Kitchen,Washer,Dryer,""Smoke detector"",Essentials,Hangers,""Hair dryer"",Iron,""Laptop friendly workspace"",""Hot water"",""Bed linens"",""Extra pillows and blankets""}",2,1,Real Bed,moderate,FALSE,NYC,f,100%,10-08-2013 0:00,Harlem,8,100,10031,1,1
685364,478.75,Apartment,Entire home/apt,"{Internet,""Wireless Internet"",""Air conditioning"",Kitchen,""Hot tub"",""Buzzer/wireless intercom"",Heating}",3,1,Real Bed,moderate,FALSE,NYC,t,100%,12-05-2012 0:00,Harlem,7,100,10035,1,1
20031027,409.43,Apartment,Private room,"{TV,""Wireless Internet"",""Air conditioning"",Kitchen,""Smoking allowed"",""Pets allowed"",Heating,""Smoke detector"",""Carbon monoxide detector"",Essentials,""Lock on bedroom door"",Hangers,Iron,""Laptop friendly workspace"",""Private living room""}",2,1,Real Bed,flexible,TRUE,NYC,f,100%,16-12-2014 0:00,Harlem,4,100,10030,1,1
2399406,389.18,Apartment,Private room,"{""Wireless Internet"",Kitchen,""Pets allowed"",Breakfast,Elevator,""Family/kid friendly"",""Smoke detector"",""Carbon monoxide detector"",""First aid kit"",Essentials,Shampoo,""Lock on bedroom door"",Hangers,""Hair dryer"",Iron,""Laptop friendly workspace"",""translation missing: en.hosting_amenity_50""}",2,1,Real Bed,flexible,FALSE,NYC,f,100%,28-02-2016 0:00,Harlem,12,92,10030,1,1
15991936,551.75,Apartment,Entire home/apt,"{TV,""Wireless Internet"",""Air conditioning"",Kitchen,Heating,""Family/kid friendly"",Washer,Dryer,""Smoke detector"",""Carbon monoxide detector"",""First aid kit"",""Fire extinguisher"",Essentials,Shampoo,""Lock on bedroom door"",Hangers,""Hair dryer"",Iron,""Laptop friendly workspace"",""Self Check-In"",Keypad,""Private living room"",""High chair"",""Children??s books and toys"",""Window guards"",Crib,""Pack ??n Play/travel crib"",""Children??s dinnerware"",""Hot water"",""Bed linens"",""Extra pillows and blankets"",""Coffee maker"",Refrigerator,Dishwasher,""Dishes and silverware"",""Cooking basics"",Oven,Stove,""Luggage dropoff allowed"",""Long term stays allowed"",""Wide hallway clearance"",""Wide doorway"",""Well-lit path to entrance""}",4,1,Real Bed,moderate,TRUE,NYC,t,100%,20-09-2013 0:00,Harlem,19,99,10027,2,2
17497415,404.31,Apartment,Shared room,"{""Wireless Internet"",Kitchen,Elevator,""Family/kid friendly"",""Smoke detector"",Essentials,Shampoo,""Hair dryer"",Iron,""translation missing: en.hosting_amenity_50""}",2,1,Real Bed,flexible,TRUE,NYC,t,22%,08-10-2016 0:00,Harlem,6,84,10027,1,1
5321538,674.52,Townhouse,Entire home/apt,"{TV,""Cable TV"",Internet,""Wireless Internet"",""Air conditioning"",Kitchen,""Indoor fireplace"",""Smoke detector"",""Carbon monoxide detector"",""translation missing: en.hosting_amenity_49"",""translation missing: en.hosting_amenity_50""}",8,1,Real Bed,flexible,TRUE,NYC,f,100%,13-09-2013 0:00,Harlem,0,,10027,0,1
6228461,409.43,Apartment,Private room,"{TV,""Wireless Internet"",""Air conditioning"",Kitchen,Breakfast,""Pets live on this property"",Cat(s),""Buzzer/wireless intercom"",Heating,Washer,Dryer,""Smoke detector"",""Carbon monoxide detector"",""First aid kit"",""Fire extinguisher"",Essentials,""Lock on bedroom door"",Hangers,""Hair dryer"",Iron,""Laptop friendly workspace"",""translation missing: en.hosting_amenity_49"",""translation missing: en.hosting_amenity_50"",""Hot water"",""Bed linens"",""Extra pillows and blankets"",Microwave,""Coffee maker"",Refrigerator,Dishwasher,""Dishes and silverware"",""Cooking basics"",Oven,Stove}",2,1,Real Bed,flexible,TRUE,NYC,t,100%,19-03-2013 0:00,Harlem,7,97,10030,1,1
12954602,465.4,Loft,Entire home/apt,"{Internet,""Wireless Internet"",""Free parking on premises"",Heating,""Family/kid friendly"",""Smoke detector"",""Carbon monoxide detector"",""First aid kit"",""Fire extinguisher"",Essentials,Shampoo,""24-hour check-in"",Hangers,""Hair dryer"",Iron,""Laptop friendly workspace"",""Self Check-In"",Lockbox}",3,1,Real Bed,moderate,TRUE,LA,f,100%,14-11-2015 0:00,Westside,43,97,90064,0,2
15409556,355.53,House,Private room,"{""Family/kid friendly"",""Smoke detector""}",2,1,Real Bed,strict,TRUE,LA,t,100%,14-12-2015 0:00,Hawthorne,5,92,90250,1,1
14057888,494.16,Apartment,Entire home/apt,"{TV,""Cable TV"",""Wireless Internet"",""Air conditioning"",""Wheelchair accessible"",Kitchen,Doorman,Elevator,""Buzzer/wireless intercom"",Heating,""Family/kid friendly"",Washer,Dryer,""Smoke detector"",""Carbon monoxide detector"",""Fire extinguisher"",Essentials,Shampoo,Hangers,Iron,""translation missing: en.hosting_amenity_50""}",4,1,Real Bed,flexible,TRUE,NYC,t,100%,20-05-2013 0:00,Harlem,16,91,10037,1,1
21005590,444.27,Apartment,Private room,"{TV,""Wireless Internet"",""Air conditioning"",Kitchen,""Smoking allowed"",""Pets allowed"",Elevator,Heating,""Family/kid friendly"",Washer,Dryer,""Smoke detector"",""Carbon monoxide detector"",""First aid kit"",Essentials,Shampoo,""Lock on bedroom door"",Hangers,""Hair dryer"",Iron}",3,1,Real Bed,flexible,FALSE,NYC,t,,20-03-2016 0:00,Harlem,0,,10039,2,1
4698479,510.59,Apartment,Entire home/apt,"{TV,Internet,""Wireless Internet"",""Air conditioning"",""Wheelchair accessible"",Kitchen,Gym,Elevator,""Buzzer/wireless intercom"",Heating,""Family/kid friendly"",Washer,Dryer,""Smoke detector"",""Carbon monoxide detector"",""Safety card"",Shampoo,Hangers,""Hair dryer"",""Laptop friendly workspace""}",2,1,Real Bed,moderate,TRUE,NYC,t,,10-12-2015 0:00,Harlem,5,100,10026,1,1
6661783,448.86,Apartment,Private room,"{TV,""Wireless Internet"",""Air conditioning"",Kitchen,Heating,""Smoke detector"",""Carbon monoxide detector"",""Fire extinguisher"",Essentials,Shampoo,""Lock on bedroom door"",Hangers,""Hair dryer"",Iron,""Laptop friendly workspace"",Other}",2,2,Real Bed,flexible,TRUE,NYC,t,100%,26-04-2014 0:00,Harlem,28,91,10027,1,1
2243670,519.3,Apartment,Entire home/apt,"{TV,""Cable TV"",Internet,""Wireless Internet"",""Air conditioning"",Kitchen,""Buzzer/wireless intercom"",Heating,""Family/kid friendly"",Washer,Dryer,""Smoke detector"",""Carbon monoxide detector"",""Safety card"",""Fire extinguisher"",Essentials,Shampoo,Hangers,Iron,""Laptop friendly workspace""}",3,1,Real Bed,strict,TRUE,NYC,t,90%,05-03-2013 0:00,Harlem,15,97,10027,2,2
5059214,431.75,Apartment,Private room,"{TV,""Wireless Internet"",""Air conditioning"",Kitchen,""Free parking on premises"",Breakfast,Heating,""Smoke detector"",""Carbon monoxide detector"",""First aid kit"",""Fire extinguisher"",Essentials,Shampoo,""Lock on bedroom door"",Hangers,""Laptop friendly workspace"",""Private living room""}",1,3,Real Bed,strict,FALSE,NYC,f,,14-03-2014 0:00,Harlem,0,,10030,2,1
16354537,478.75,Apartment,Private room,"{""Wireless Internet"",""Air conditioning"",Kitchen,Heating,Washer,Dryer,""Smoke detector"",""Carbon monoxide detector"",Essentials,Shampoo,Hangers,""Hair dryer"",Iron,""Laptop friendly workspace"",""Bed linens""}",2,1,Real Bed,strict,FALSE,NYC,t,100%,21-12-2013 0:00,Harlem,14,99,10027,1,1
20556938,438.2,Apartment,Private room,"{TV,Washer,""Cable TV"",Dryer,Internet,""Smoke detector"",""Wireless Internet"",""Carbon monoxide detector"",""Air conditioning"",Kitchen,Essentials,""Lock on bedroom door"",Hangers,""Hair dryer"",Doorman,""Laptop friendly workspace"",""translation missing: en.hosting_amenity_49"",Elevator,""Private living room"",Heating}",2,1,Real Bed,strict,FALSE,NYC,f,100%,12-04-2016 0:00,Harlem,41,94,10029,1,1
10165064,431.75,Apartment,Entire home/apt,"{TV,""Cable TV"",Internet,""Wireless Internet"",""Air conditioning"",Kitchen,Gym,Elevator,""Buzzer/wireless intercom"",Heating,""Family/kid friendly"",Washer,Dryer,""Smoke detector"",""Carbon monoxide detector"",Essentials,Shampoo,""Hair dryer"",Iron,""Laptop friendly workspace""}",3,1,Real Bed,flexible,FALSE,NYC,t,,02-11-2016 0:00,Harlem,1,100,10039,2,3
7359527,434.38,Apartment,Entire home/apt,"{TV,Internet,""Wireless Internet"",""Air conditioning"",Kitchen,""Free parking on premises"",Breakfast,""Buzzer/wireless intercom"",Heating,""Smoke detector"",""Carbon monoxide detector"",""Fire extinguisher"",Essentials,Shampoo}",2,1,Real Bed,flexible,FALSE,NYC,f,,08-04-2015 0:00,Harlem,1,100,10030,0,1
4902799,621.26,Apartment,Entire home/apt,"{TV,Internet,""Wireless Internet"",""Air conditioning"",""Wheelchair accessible"",Kitchen,Elevator,Heating,""Family/kid friendly"",Washer,Dryer,""Smoke detector"",""Carbon monoxide detector"",""Fire extinguisher"",Essentials,Shampoo}",4,2,Real Bed,strict,TRUE,NYC,t,,23-12-2011 0:00,Harlem,0,,10026,2,2
20976767,431.75,Apartment,Shared room,"{TV,Internet,""Wireless Internet"",""Air conditioning"",Kitchen,""Free parking on premises"",Elevator,""Buzzer/wireless intercom"",Heating,""Family/kid friendly"",""Smoke detector"",""Carbon monoxide detector"",""First aid kit"",Essentials,Shampoo,Hangers,""Hair dryer"",Iron,""Laptop friendly workspace"",""translation missing: en.hosting_amenity_50""}",2,1,Pull-out Sofa,moderate,TRUE,NYC,t,100%,19-03-2013 0:00,Harlem,30,94,10026,1,1
10869168,552.15,Apartment,Entire home/apt,"{TV,""Cable TV"",Internet,""Wireless Internet"",""Air conditioning"",Kitchen,""Free parking on premises"",""Buzzer/wireless intercom"",Heating,""Family/kid friendly"",Dryer,""Smoke detector"",Essentials,Shampoo,""Hair dryer"",Iron}",7,1,Real Bed,strict,TRUE,NYC,f,90%,01-01-2013 0:00,Harlem,29,88,10027,3,4
7591555,424.85,Apartment,Entire home/apt,"{""Wireless Internet"",""Air conditioning"",Kitchen,Heating,""Family/kid friendly"",""Smoke detector"",""Carbon monoxide detector"",Essentials,Shampoo,""Hair dryer"",Iron,""Laptop friendly workspace""}",2,1,Real Bed,flexible,TRUE,NYC,f,38%,02-06-2013 0:00,Harlem,7,95,10039,1,1
15454112,459.51,House,Private room,"{TV,""Cable TV"",Internet,""Wireless Internet"",""Air conditioning"",Kitchen,Heating,""Smoke detector"",""Carbon monoxide detector"",""First aid kit"",""Safety card"",""Fire extinguisher"",Essentials,Shampoo,Hangers,""Hair dryer"",Iron,""Laptop friendly workspace"",""translation missing: en.hosting_amenity_49"",""translation missing: en.hosting_amenity_50"",""Private entrance""}",2,1,Real Bed,moderate,TRUE,NYC,t,100%,30-06-2014 0:00,Harlem,73,94,10030,1,1
16662334,400.73,House,Private room,"{""Wireless Internet"",Kitchen,Washer,Dryer,""Smoke detector"",""Carbon monoxide detector"",""First aid kit"",""Fire extinguisher"",Essentials,Hangers,""Hair dryer"",Iron,""Laptop friendly workspace"",""translation missing: en.hosting_amenity_49"",""translation missing: en.hosting_amenity_50""}",2,1,Real Bed,flexible,TRUE,LA,t,100%,20-09-2014 0:00,Gardena,6,97,90249,1,1
19118005,552.15,Apartment,Entire home/apt,"{TV,""Cable TV"",Internet,""Wireless Internet"",""Air conditioning"",Kitchen,""Buzzer/wireless intercom"",Heating}",2,1,Real Bed,strict,FALSE,NYC,t,0%,12-11-2009 0:00,Alphabet City,11,93,10009,1,2
11972209,548.06,Apartment,Entire home/apt,"{TV,""Cable TV"",Internet,""Wireless Internet"",""Air conditioning"",Kitchen,Heating,""Family/kid friendly"",""Smoke detector"",""Carbon monoxide detector"",""First aid kit"",""Safety card"",""Fire extinguisher"",Essentials,Shampoo,""24-hour check-in"",Hangers,""Hair dryer"",Iron,""Laptop friendly workspace"",""Private entrance"",Bathtub,""Baby bath"",""High chair"",""Children??s books and toys"",""Pack ??n Play/travel crib"",""Children??s dinnerware""}",7,1,Real Bed,strict,TRUE,NYC,t,100%,29-01-2014 0:00,East Harlem,140,94,10029,3,3
8284881,621.46,House,Entire home/apt,"{TV,""Cable TV"",Internet,""Wireless Internet"",""Air conditioning"",Pool,Kitchen,""Free parking on premises"",Gym,""Hot tub"",""Indoor fireplace"",Heating,""Family/kid friendly"",Washer,Dryer,""Smoke detector"",""Carbon monoxide detector"",""First aid kit"",""Safety card"",""Fire extinguisher"",Essentials,Shampoo,""24-hour check-in"",Hangers,""Hair dryer"",Iron,""Laptop friendly workspace""}",8,3,Real Bed,strict,TRUE,LA,f,100%,01-11-2016 0:00,Pacific Palisades,1,,90272,4,6
14276565,486.75,Apartment,Entire home/apt,"{TV,""Wireless Internet"",""Air conditioning"",Kitchen,""Buzzer/wireless intercom"",Heating,""Family/kid friendly"",""Smoke detector"",""Carbon monoxide detector"",Essentials,Hangers,""Hair dryer"",Iron,""Laptop friendly workspace""}",4,1,Real Bed,strict,TRUE,NYC,t,87%,22-01-2014 0:00,Harlem,0,,10027,2,2
10923708,340.12,Apartment,Private room,"{TV,Internet,""Wireless Internet"",""Air conditioning"",Kitchen,""Pets live on this property"",Cat(s),""Buzzer/wireless intercom"",Heating,""Family/kid friendly"",Washer,""Smoke detector"",""Carbon monoxide detector"",""First aid kit"",""Fire extinguisher"",Essentials}",1,1,Real Bed,strict,FALSE,NYC,t,100%,30-06-2014 0:00,Harlem,166,91,10031,1,1
1998513,438.2,Apartment,Entire home/apt,"{TV,Internet,""Wireless Internet"",""Air conditioning"",Kitchen,""Pets allowed"",Elevator,Heating,Washer,Dryer,""Smoke detector"",""Carbon monoxide detector"",Shampoo,""Self Check-In"",Lockbox}",2,1,Real Bed,strict,TRUE,NYC,t,80%,21-12-2013 0:00,Harlem,11,87,10027,0,1
18211034,449.98,Apartment,Private room,"{""Wireless Internet"",Kitchen,""Smoke detector"",""Carbon monoxide detector"",""First aid kit"",Essentials,""Lock on bedroom door"",""Laptop friendly workspace"",""translation missing: en.hosting_amenity_49"",""translation missing: en.hosting_amenity_50""}",2,1,Real Bed,flexible,FALSE,NYC,f,,07-01-2016 0:00,Harlem,0,,10030,1,1
13041230,431.75,Apartment,Entire home/apt,"{TV,Internet,""Wireless Internet"",""Wheelchair accessible"",Kitchen,""Free parking on premises"",Elevator,""Hot tub"",""Buzzer/wireless intercom"",Heating,Washer,Dryer,""Smoke detector"",""Carbon monoxide detector"",Essentials,Shampoo,Hangers,Iron,""translation missing: en.hosting_amenity_49"",""translation missing: en.hosting_amenity_50""}",3,1,Real Bed,flexible,TRUE,NYC,t,,21-12-2013 0:00,Harlem,31,87,10027,1,1
8256789,552.15,Apartment,Entire home/apt,"{TV,""Wireless Internet"",""Air conditioning"",Elevator,Heating,""Family/kid friendly"",Washer,Dryer,""Smoke detector"",""Carbon monoxide detector"",Essentials,Shampoo,""Hair dryer"",Iron}",4,2,Real Bed,moderate,TRUE,NYC,t,100%,02-10-2015 0:00,Harlem,0,,10027,2,2
7347593,504.34,House,Private room,"{TV,Internet,""Wireless Internet"",Kitchen,""Smoking allowed"",""Indoor fireplace"",""Buzzer/wireless intercom"",Heating,Washer,Dryer,""Smoke detector"",""Carbon monoxide detector"",""First aid kit"",Essentials,Shampoo,""24-hour check-in"",Hangers,""Hair dryer"",Iron,""Laptop friendly workspace"",""Self Check-In"",Lockbox,""Hot water"",""Private bathroom"",""Bed linens"",""Extra pillows and blankets"",Microwave,""Coffee maker"",Refrigerator,""Dishes and silverware"",""Cooking basics"",Oven,Stove,""BBQ grill"",""Patio or balcony"",""Garden or backyard"",""Luggage dropoff allowed"",""Cleaning before checkout"",""Wide hallway clearance"",""Wide doorway"",""Wide doorway"",""Wide clearance to bed"",""Step-free access"",""Wide doorway"",""Fixed grab bars for shower & toilet"",""Accessible-height toilet"",""Wide clearance to shower & toilet"",""Step-free access"",""Wide entryway""}",4,1,Real Bed,strict,FALSE,NYC,t,100%,11-12-2013 0:00,Harlem,14,89,10037,1,2
17009057,552.15,House,Entire home/apt,"{TV,""Cable TV"",Internet,""Wireless Internet"",Kitchen,""Free parking on premises"",Heating,""Family/kid friendly"",Washer,Dryer,""Smoke detector"",""Carbon monoxide detector"",""Fire extinguisher"",Essentials,Shampoo,Hangers,""Hair dryer"",Iron,""Laptop friendly workspace"",""translation missing: en.hosting_amenity_50"",""Self Check-In"",Lockbox}",4,2,Real Bed,moderate,TRUE,SF,t,80%,23-02-2014 0:00,Bernal Heights,25,98,94110,2,2
18333003,570.04,Apartment,Private room,"{TV,""Wireless Internet"",""Air conditioning"",Pool,Kitchen,Gym,""Elevator in building"",Heating,""Family/kid friendly"",Washer,Dryer,""Smoke detector"",Essentials,Shampoo,Hangers,""Laptop friendly workspace"",""Private living room""}",4,2,Real Bed,flexible,FALSE,Chicago,f,80%,30-06-2015 0:00,Loop,0,,60606,2,2
16274069,482.83,Apartment,Entire home/apt,"{TV,Internet,""Wireless Internet"",""Air conditioning"",Kitchen,""Free parking on premises"",""Buzzer/wireless intercom"",Heating,""Family/kid friendly"",""Smoke detector"",""Carbon monoxide detector"",""First aid kit"",Essentials}",4,1,Real Bed,moderate,TRUE,NYC,f,100%,11-02-2014 0:00,Bedford-Stuyvesant,13,92,11216,2,3
20049857,474.49,Apartment,Entire home/apt,"{TV,""Wireless Internet"",""Air conditioning"",Kitchen,Heating,""Smoke detector"",Essentials,Hangers,""Hair dryer"",""Laptop friendly workspace"",""translation missing: en.hosting_amenity_49"",""translation missing: en.hosting_amenity_50""}",2,1,Real Bed,moderate,TRUE,LA,f,,07-10-2017 0:00,West Hollywood,0,,90046,1,1
18157879,570.38,House,Entire home/apt,"{TV,""Wireless Internet"",""Air conditioning"",Kitchen,Breakfast,Heating,""Family/kid friendly"",Washer,Dryer,""Smoke detector"",""Carbon monoxide detector"",""First aid kit"",""Safety card"",""Fire extinguisher"",Essentials,Shampoo,""Lock on bedroom door"",Hangers,""Hair dryer"",Iron,""Laptop friendly workspace""}",7,2,Real Bed,strict,TRUE,Chicago,t,,20-01-2016 0:00,Lincoln Park,9,98,60614,3,3
17666136,538.91,Apartment,Entire home/apt,"{Internet,""Wireless Internet"",""Air conditioning"",Kitchen,""Buzzer/wireless intercom"",Heating,""Smoke detector"",""Carbon monoxide detector"",""First aid kit"",Essentials,Shampoo}",4,1,Real Bed,moderate,TRUE,NYC,f,,17-11-2014 0:00,East Village,1,100,10003,2,3
2135314,519.3,Loft,Entire home/apt,"{TV,""Cable TV"",Internet,""Wireless Internet"",""Air conditioning"",Kitchen,Doorman,Elevator,""Hot tub"",""Buzzer/wireless intercom"",Heating,Washer,Dryer,""Smoke detector"",""Carbon monoxide detector"",Essentials,Shampoo}",2,1,Real Bed,strict,FALSE,NYC,f,,09-07-2015 0:00,East Village,3,87,10003,1,1
5321584,717.01,House,Entire home/apt,"{TV,""Cable TV"",Internet,""Wireless Internet"",Kitchen,""Free parking on premises"",""Indoor fireplace"",Heating,""Family/kid friendly"",Washer,Dryer,""Smoke detector"",""Carbon monoxide detector"",""Safety card"",""Fire extinguisher"",Essentials,Shampoo,""24-hour check-in"",Hangers,""Hair dryer"",Iron,""Laptop friendly workspace""}",8,2,Real Bed,strict,TRUE,SF,t,,20-09-2014 0:00,Hayes Valley,4,100,94102,4,5
13121821,501.06,Apartment,Private room,"{TV,""Cable TV"",Internet,""Wireless Internet"",""Air conditioning"",Kitchen,Heating,""Smoke detector"",""First aid kit"",Essentials,Hangers,""Hair dryer"",Iron,""Laptop friendly workspace""}",1,1,Real Bed,flexible,FALSE,NYC,f,,20-09-2014 0:00,Park Slope,0,,11215,1,1
12282255,449.98,Apartment,Entire home/apt,"{Internet,""Wireless Internet"",""Air conditioning"",Kitchen,""Pets allowed"",""Family/kid friendly"",""Smoke detector"",""Fire extinguisher"",Shampoo}",3,1,Real Bed,strict,FALSE,NYC,t,100%,23-04-2015 0:00,Harlem,23,94,10030,0,1
6630775,504.34,Apartment,Entire home/apt,"{TV,""Cable TV"",Internet,""Wireless Internet"",""Air conditioning"",Kitchen,""Pets live on this property"",Dog(s),Heating,""Family/kid friendly"",""Smoke detector"",""Carbon monoxide detector"",""First aid kit"",""Safety card"",""Fire extinguisher"",Essentials,Shampoo,Hangers,""Hair dryer"",Iron,""Laptop friendly workspace"",""translation missing: en.hosting_amenity_50"",""Self Check-In"",""Smart lock""}",4,1,Real Bed,moderate,TRUE,NYC,t,100%,30-06-2014 0:00,Harlem,40,97,10030,1,4
9479348,598.9,Apartment,Entire home/apt,"{""Wireless Internet"",""Air conditioning"",Kitchen,Heating,""Smoke detector"",""Carbon monoxide detector"",Essentials,Shampoo,Hangers,Iron,""translation missing: en.hosting_amenity_49"",""translation missing: en.hosting_amenity_50""}",7,2,Real Bed,strict,FALSE,NYC,f,100%,03-07-2017 0:00,Hell's Kitchen,1,60,10036,3,4
3710477,674.52,House,Entire home/apt,"{TV,""Cable TV"",""Wireless Internet"",""Air conditioning"",Kitchen,Heating,""Family/kid friendly"",""Smoke detector"",""Carbon monoxide detector"",""First aid kit"",""Safety card"",""Fire extinguisher"",Essentials,Shampoo,""Lock on bedroom door"",Hangers,""Hair dryer"",Iron,""Laptop friendly workspace"",""Self Check-In"",Lockbox,""Private entrance"",""Hot water"",""Bed linens"",""Extra pillows and blankets"",Microwave,""Coffee maker"",Refrigerator,""Dishes and silverware"",""Cooking basics"",Oven,Stove}",14,2,Real Bed,moderate,TRUE,NYC,f,100%,07-10-2017 0:00,Astoria,0,,11103,6,8
13978228,578.38,House,Entire home/apt,"{""Wireless Internet"",""Air conditioning"",Kitchen,""Free parking on premises"",""Smoking allowed"",""Pets allowed"",""Hot tub"",""Indoor fireplace"",Heating,""Family/kid friendly"",Washer,Dryer,""Smoke detector"",""First aid kit"",Essentials,Hangers,""Hair dryer"",""Laptop friendly workspace""}",4,3,Real Bed,flexible,FALSE,LA,t,100%,05-08-2015 0:00,Mount Washington,0,,90065,2,2
16028615,487.52,Apartment,Entire home/apt,"{TV,Internet,""Wireless Internet"",""Air conditioning"",""Wheelchair accessible"",Pool,Kitchen,Gym,""Elevator in building"",""Hot tub"",""Indoor fireplace"",Heating,""Family/kid friendly"",Washer,Dryer,""Smoke detector"",""Carbon monoxide detector"",""First aid kit"",""Safety card"",""Fire extinguisher"",Essentials,Shampoo,""Lock on bedroom door"",""24-hour check-in"",Hangers,""Hair dryer"",Iron,""Laptop friendly workspace""}",4,2,Real Bed,moderate,TRUE,Chicago,t,100%,02-09-2016 0:00,Loop,1,100,60605,2,2
15027031,548.06,Apartment,Entire home/apt,"{TV,""Cable TV"",Internet,""Wireless Internet"",""Air conditioning"",Kitchen,""Pets live on this property"",Cat(s),""Buzzer/wireless intercom"",Heating,""Family/kid friendly"",Washer,Dryer,Essentials,Shampoo,""24-hour check-in"",Hangers,""Hair dryer"",Iron,""Laptop friendly workspace""}",3,1,Real Bed,strict,TRUE,NYC,t,100%,20-09-2014 0:00,Alphabet City,12,98,10009,1,2
19245819,424.85,Apartment,Private room,"{Internet,""Wireless Internet"",Kitchen,""Pets live on this property"",Dog(s),Washer,Dryer,""Smoke detector"",""Fire extinguisher""}",1,1,Real Bed,moderate,FALSE,SF,t,,16-03-2010 0:00,Mission District,12,90,94110,1,1
10770929,561.68,Apartment,Entire home/apt,"{TV,""Cable TV"",Internet,""Wireless Internet"",""Air conditioning"",Kitchen,Heating,""Smoke detector"",""Carbon monoxide detector"",""Fire extinguisher"",Essentials,Hangers,""Hair dryer"",Iron}",8,2,Real Bed,strict,TRUE,NYC,t,100%,30-06-2014 0:00,Harlem,28,92,10026,2,5
12592005,524.7,Apartment,Entire home/apt,"{TV,""Wireless Internet"",""Air conditioning"",Kitchen,Heating,""Family/kid friendly"",Washer,Dryer,""Smoke detector"",""Safety card"",""Fire extinguisher"",Essentials,Shampoo,""Lock on bedroom door"",Hangers,""Hair dryer"",Iron}",4,1,Real Bed,moderate,TRUE,NYC,f,90%,06-07-2017 0:00,Harlem,10,100,10039,1,2
1174876,424.85,House,Private room,"{""Wireless Internet"",""Air conditioning"",""Pets live on this property"",Dog(s),Cat(s),Heating,""Smoke detector"",""Carbon monoxide detector"",""First aid kit"",Essentials,Shampoo,""24-hour check-in"",Hangers,""Hair dryer"",Iron,""Laptop friendly workspace"",""translation missing: en.hosting_amenity_49"",""translation missing: en.hosting_amenity_50""}",2,1,Real Bed,strict,FALSE,NYC,t,100%,10-06-2015 0:00,Harlem,69,93,10027,1,1
20888646,423.41,House,Private room,"{TV,""Wireless Internet"",""Air conditioning"",Kitchen,Heating,Washer,Dryer,""Smoke detector"",""Carbon monoxide detector"",""First aid kit"",""Fire extinguisher"",Essentials,Shampoo,""Lock on bedroom door"",Hangers,""Hair dryer"",Iron,""translation missing: en.hosting_amenity_49"",""translation missing: en.hosting_amenity_50"",""Private living room"",""Private entrance""}",2,1,Real Bed,flexible,TRUE,LA,f,98%,20-11-2016 0:00,Canoga Park,4,100,91303,0,1
7834158,599.15,Villa,Entire home/apt,"{TV,""Cable TV"",Internet,""Wireless Internet"",Kitchen,""Free parking on premises"",""Indoor fireplace"",""Buzzer/wireless intercom"",Heating,""Family/kid friendly"",""Suitable for events"",Washer,Dryer,""Smoke detector"",Essentials,Shampoo,""24-hour check-in"",Hangers,""Hair dryer"",Iron,""Laptop friendly workspace""}",10,4,Real Bed,strict,TRUE,LA,t,100%,21-08-2014 0:00,Redondo Beach,39,94,90278,4,5
6692191,423.41,House,Private room,"{TV,Internet,""Wireless Internet"",""Air conditioning"",Kitchen,""Free parking on premises"",Breakfast,Heating,Washer,Dryer,""Smoke detector"",""Carbon monoxide detector"",""First aid kit"",""Safety card"",""Fire extinguisher"",Essentials,Shampoo,""Lock on bedroom door"",""24-hour check-in"",Hangers,""Hair dryer"",Iron,""Laptop friendly workspace"",""translation missing: en.hosting_amenity_49"",""translation missing: en.hosting_amenity_50""}",1,2,Real Bed,flexible,FALSE,LA,t,100%,13-09-2013 0:00,Westlake,9,100,90015,1,1
8084290,497.67,Condominium,Entire home/apt,"{TV,""Wireless Internet"",""Air conditioning"",Kitchen,Breakfast,Elevator,Heating,""Suitable for events"",Washer,Dryer,""Smoke detector"",""Carbon monoxide detector"",""First aid kit"",""Safety card"",""Fire extinguisher"",Essentials,Shampoo,""Lock on bedroom door"",Hangers,""Hair dryer"",Iron,""Private entrance"",Bathtub,""Hot water"",""Bed linens"",""Extra pillows and blankets"",Microwave,""Coffee maker"",Refrigerator,Dishwasher,""Dishes and silverware"",""Cooking basics"",Oven,Stove,""Patio or balcony"",""Step-free access"",""Flat, smooth pathway to front door"",""Host greets you""}",4,1,Real Bed,moderate,TRUE,NYC,t,100%,09-05-2012 0:00,Harlem,7,94,10027,1,2
6689195,433.07,Apartment,Entire home/apt,"{TV,Internet,""Wireless Internet"",""Air conditioning"",Pool,Kitchen,Gym,""Pets live on this property"",Cat(s),""Buzzer/wireless intercom"",""Family/kid friendly"",Washer,Dryer,""Smoke detector"",""First aid kit"",""Fire extinguisher"",Essentials,Shampoo,Hangers,""Hair dryer"",Iron,""Laptop friendly workspace""}",4,1,Real Bed,strict,FALSE,LA,t,,30-05-2013 0:00,Burbank,1,,91504,2,2
11157369,409.43,Apartment,Private room,"{TV,Internet,""Wireless Internet"",""Air conditioning"",Kitchen,Heating,Essentials,Shampoo,Iron,""Laptop friendly workspace""}",1,1,Real Bed,flexible,TRUE,NYC,t,,30-06-2014 0:00,Harlem,0,,10026,1,1
15705947,478.75,Apartment,Entire home/apt,"{""Wireless Internet"",""Air conditioning"",Kitchen,""Family/kid friendly"",""Suitable for events"",Washer,Dryer,""Smoke detector"",""Carbon monoxide detector"",""First aid kit"",""Safety card"",Essentials,Shampoo,""Hair dryer"",Iron,""Laptop friendly workspace""}",4,1,Real Bed,moderate,TRUE,NYC,f,80%,09-07-2015 0:00,Upper East Side,7,90,10065,1,2
11456592,529.83,Loft,Private room,"{""Wireless Internet"",""Air conditioning"",""Free parking on premises"",Breakfast,Heating,Essentials,""Lock on bedroom door"",""Laptop friendly workspace"",""translation missing: en.hosting_amenity_49"",""translation missing: en.hosting_amenity_50""}",2,1,Real Bed,moderate,FALSE,NYC,f,100%,23-02-2011 0:00,Williamsburg,0,,11211,0,2
1077375,400.73,Apartment,Private room,"{""Wireless Internet"",Heating,""Family/kid friendly"",""Smoke detector"",""Carbon monoxide detector"",""Fire extinguisher"",Essentials,Shampoo,Hangers,Iron,""Laptop friendly workspace"",""translation missing: en.hosting_amenity_50""}",1,1,Real Bed,moderate,TRUE,NYC,t,,04-04-2015 0:00,Sunset Park,1,100,11220,1,1
17681277,529.83,Apartment,Private room,"{TV,Internet,""Wireless Internet"",""Air conditioning"",Kitchen,""Free parking on premises"",""Indoor fireplace"",Heating,Washer,Dryer,""Smoke detector"",""Carbon monoxide detector"",""First aid kit"",""Fire extinguisher"",Essentials,Shampoo}",2,1,Real Bed,strict,TRUE,LA,t,100%,07-04-2011 0:00,Echo Park,0,,90026,1,1
10842610,519.3,Apartment,Entire home/apt,"{""Wireless Internet"",Kitchen,""Free parking on premises"",""Pets allowed"",Heating,""Family/kid friendly"",""Smoke detector"",""Carbon monoxide detector"",""24-hour check-in"",Hangers,""Hair dryer"",Iron,""Laptop friendly workspace""}",6,1,Real Bed,flexible,TRUE,NYC,t,100%,07-07-2012 0:00,The Rockaways,5,100,11692,3,3
8881130,448.86,House,Entire home/apt,"{TV,Internet,""Wireless Internet"",""Air conditioning"",Kitchen,""Free parking on premises"",""Pets allowed"",""Pets live on this property"",Heating,""Family/kid friendly"",Dryer,""Smoke detector"",""Carbon monoxide detector"",""First aid kit"",""Fire extinguisher"",Essentials,Shampoo,""Hair dryer"",Iron}",2,1,Real Bed,strict,TRUE,LA,t,100%,25-03-2011 0:00,Woodland Hills/Warner Center,17,98,91364,1,1
14236545,490.53,Apartment,Private room,"{""Wireless Internet"",Heating,""Smoke detector"",""Carbon monoxide detector"",""First aid kit"",""Safety card"",""Fire extinguisher"",Essentials,Shampoo,Hangers,""translation missing: en.hosting_amenity_49"",""translation missing: en.hosting_amenity_50""}",2,1,Real Bed,strict,TRUE,Boston,t,100%,23-12-2014 0:00,Dorchester,7,83,2125,1,1
14219018,444.27,Apartment,Private room,"{TV,""Cable TV"",Internet,""Wireless Internet"",""Air conditioning"",Kitchen,Gym,""Buzzer/wireless intercom"",Heating,""Family/kid friendly"",""translation missing: en.hosting_amenity_50"",Microwave,Refrigerator,""Dishes and silverware"",""Cooking basics"",Oven,Stove}",2,1,Real Bed,strict,TRUE,NYC,t,89%,07-06-2013 0:00,Harlem,97,91,10027,1,1
8596057,420.47,House,Private room,"{""Wireless Internet"",""Air conditioning"",Pool,Kitchen,""Free parking on premises"",Breakfast,""Family/kid friendly"",Washer,Dryer,Essentials,Shampoo,Hangers,""Hair dryer"",""Self Check-In"",""Doorman Entry""}",1,2,Real Bed,flexible,FALSE,LA,f,100%,20-04-2016 0:00,,0,,91748,1,1
11525500,478.75,Apartment,Entire home/apt,"{""Wireless Internet"",""Air conditioning"",Heating,Washer,Dryer,Essentials,""Laptop friendly workspace"",Microwave,Refrigerator,Dishwasher,""Dishes and silverware"",""Cooking basics"",Oven,Stove,""Host greets you""}",2,1,Real Bed,flexible,TRUE,NYC,f,100%,07-10-2017 0:00,Williamsburg,2,100,11206,1,1
533884,662.01,Apartment,Entire home/apt,"{TV,Internet,""Wireless Internet"",""Air conditioning"",Kitchen,""Pets allowed"",Heating,""Family/kid friendly"",Washer,Dryer,Shampoo,""24-hour check-in"",Hangers,""Hair dryer"",""Laptop friendly workspace""}",6,1,Real Bed,flexible,FALSE,SF,f,,20-01-2016 0:00,Cow Hollow,0,,94123,3,3
3585452,380.67,House,Private room,"{TV,Internet,""Wireless Internet"",""Air conditioning"",Kitchen,""Free parking on premises"",Heating,Washer,Dryer,""Smoke detector"",""Carbon monoxide detector"",""Fire extinguisher"",Essentials}",1,1,Real Bed,flexible,FALSE,LA,t,,06-03-2015 0:00,Reseda,3,100,91335,1,1
14320263,321.89,House,Shared room,"{TV,""Wireless Internet"",""Air conditioning"",Kitchen,Heating,""Smoke detector"",""Carbon monoxide detector"",Essentials,Shampoo,Hangers,""Hair dryer"",Iron,""Laptop friendly workspace"",""translation missing: en.hosting_amenity_49"",""translation missing: en.hosting_amenity_50""}",1,2,Real Bed,strict,TRUE,LA,f,100%,27-03-2016 0:00,Westlake,0,,90005,1,1
11399852,424.85,House,Private room,"{""Wireless Internet"",""Air conditioning"",Kitchen,Heating,""Smoke detector"",""Carbon monoxide detector"",Essentials,Shampoo,""Lock on bedroom door"",Hangers,""Hair dryer"",""translation missing: en.hosting_amenity_49"",""translation missing: en.hosting_amenity_50""}",2,1,Real Bed,strict,FALSE,NYC,t,100%,10-06-2015 0:00,Harlem,41,95,10027,1,2
12386097,366.36,Apartment,Shared room,"{TV,Internet,""Wireless Internet"",""Air conditioning"",Kitchen,Heating,""Smoke detector"",Essentials,Shampoo}",1,1,Real Bed,moderate,TRUE,NYC,t,100%,02-10-2015 0:00,Harlem,18,96,10027,1,2
1404510,534.71,Townhouse,Entire home/apt,"{TV,""Wireless Internet"",Kitchen,""Free parking on premises"",""Indoor fireplace"",Heating,""Family/kid friendly"",Washer,Dryer,""Smoke detector"",""First aid kit"",""Fire extinguisher"",Essentials,Shampoo,Hangers,""Hair dryer"",Iron,""Laptop friendly workspace""}",6,2,Real Bed,moderate,TRUE,LA,t,100%,02-09-2015 0:00,West Los Angeles,10,95,90025,3,3
4691130,444.27,House,Private room,"{TV,""Wireless Internet"",""Air conditioning"",Pool,Kitchen,""Free parking on premises"",Breakfast,Heating,""Family/kid friendly"",Washer,Dryer,""Smoke detector"",""Carbon monoxide detector"",""First aid kit"",Essentials,Shampoo,""Lock on bedroom door"",Hangers,""Hair dryer"",Iron,""Laptop friendly workspace""}",2,1,Real Bed,flexible,TRUE,LA,t,0%,28-10-2013 0:00,,0,,91324,1,1
16449480,468.21,Apartment,Private room,"{TV,""Cable TV"",Internet,""Wireless Internet"",""Air conditioning"",Kitchen,""Smoking allowed"",""Pets allowed"",Doorman,Elevator,Heating,Washer,Dryer,""Smoke detector"",""Fire extinguisher"",Essentials,Shampoo}",2,1,Real Bed,moderate,TRUE,NYC,f,100%,26-03-2012 0:00,East Harlem,4,90,10029,1,1
15149374,444.27,Bungalow,Private room,"{""Wireless Internet"",Kitchen,""Pets allowed"",""Indoor fireplace"",Heating,Washer,Dryer,""Smoke detector"",""Carbon monoxide detector"",""First aid kit"",""Fire extinguisher"",Essentials,Shampoo,""Lock on bedroom door"",Hangers,""Hair dryer"",Iron,""Laptop friendly workspace""}",3,1,Real Bed,strict,TRUE,LA,t,97%,17-08-2012 0:00,Venice,3,100,90291,0,1
10089727,594.02,Villa,Entire home/apt,"{""Air conditioning"",""Wheelchair accessible"",Pool,""Free parking on premises"",Gym,""Hot tub"",""Family/kid friendly"",Essentials,Shampoo}",6,1,Real Bed,strict,TRUE,LA,f,100%,06-06-2015 0:00,,15,89,90265,3,4
3323232,460.52,Condominium,Private room,"{TV,""Wireless Internet"",""Air conditioning"",Kitchen,Breakfast,Heating,""Family/kid friendly"",Washer,Dryer,""Smoke detector"",""Carbon monoxide detector"",""First aid kit"",""Fire extinguisher"",Essentials,Shampoo,""Lock on bedroom door"",Hangers,""Hair dryer"",Iron,""Laptop friendly workspace"",""Private living room""}",2,1,Real Bed,flexible,FALSE,NYC,f,100%,02-10-2015 0:00,Harlem,0,,10039,1,1
20899396,470.05,Apartment,Entire home/apt,"{TV,Internet,""Wireless Internet"",""Air conditioning"",Kitchen,""Buzzer/wireless intercom"",Heating,""Family/kid friendly"",""Smoke detector"",""Carbon monoxide detector"",Essentials,Shampoo}",4,1,Real Bed,flexible,TRUE,NYC,t,100%,21-12-2013 0:00,Harlem,4,85,10030,1,2
3380585,436.94,Apartment,Private room,"{TV,""Cable TV"",Internet,""Wireless Internet"",""Air conditioning"",Kitchen,Elevator,""Buzzer/wireless intercom"",Heating,Washer,Dryer,""Smoke detector"",""Carbon monoxide detector"",Essentials}",2,1,Real Bed,moderate,FALSE,NYC,f,,30-06-2014 0:00,Harlem,2,70,10027,1,1
16073836,431.75,House,Private room,"{TV,Internet,""Wireless Internet"",""Free parking on premises"",""Family/kid friendly"",Washer,Dryer,Essentials}",2,1,Real Bed,flexible,FALSE,LA,f,,02-09-2016 0:00,Culver City,0,,90232,1,1
20257960,478.75,House,Private room,"{Internet,""Wireless Internet"",""Air conditioning"",Kitchen,""Family/kid friendly"",Washer,Dryer,""Smoke detector"",""First aid kit"",""Fire extinguisher""}",2,1,Real Bed,flexible,FALSE,LA,t,,06-03-2013 0:00,Mid-Wilshire,0,,90035,1,1
4559312,510.59,Apartment,Entire home/apt,"{Internet,""Wireless Internet"",""Air conditioning"",Kitchen,""Pets live on this property"",Dog(s),""Buzzer/wireless intercom"",Heating,""Family/kid friendly"",""Smoke detector"",""Carbon monoxide detector"",Shampoo,Hangers,""Hair dryer"",""Laptop friendly workspace""}",4,1,Real Bed,strict,FALSE,NYC,t,,06-03-2013 0:00,Harlem,2,80,10026,2,2
2165604,368.89,Apartment,Private room,"{""Wireless Internet"",""Air conditioning"",Kitchen,""Smoking allowed"",Breakfast,""Pets live on this property"",Cat(s),""Buzzer/wireless intercom"",""Smoke detector"",""Carbon monoxide detector"",""First aid kit"",""Fire extinguisher"",Essentials,Shampoo,Hangers,""Hair dryer"",Iron,""translation missing: en.hosting_amenity_49"",""translation missing: en.hosting_amenity_50"",""Host greets you""}",2,1,Real Bed,moderate,TRUE,NYC,t,100%,14-03-2016 0:00,Harlem,7,94,10039,1,1
18385413,409.43,Apartment,Entire home/apt,"{TV,""Cable TV"",Internet,""Wireless Internet"",""Air conditioning"",Kitchen,Elevator,""Buzzer/wireless intercom"",Heating,Essentials,Hangers,""Hair dryer"",Iron}",2,1,Real Bed,flexible,FALSE,NYC,f,,04-06-2014 0:00,Harlem,18,91,10030,0,1
9470528,477.91,Apartment,Entire home/apt,"{TV,""Cable TV"",Internet,""Wireless Internet"",""Air conditioning"",Kitchen,Heating,""Smoke detector"",Essentials}",2,1,Real Bed,moderate,TRUE,NYC,t,100%,02-10-2015 0:00,Harlem,5,88,10027,0,2
