product_name,mrp,price,pdp_url,brand_name,product_category,retailer,description,rating,review_count,style_attributes,total_sizes,available_size,color
Wacoal Women's Full Figure Basic Beauty Underwire Bra,$50.00 ,$50.00 ,https://www.amazon.com/-/dp/B005FR9XVK?th=1&psc=1,Wacoal,Bras,Amazon US,Seamless molded two-ply cups with inner sling for smooth support,4.2,960,"[ 85% Nylon/15% Spandex , Imported , Hook and Eye closure , Hand Wash , Full-coverage bra with built-in camisole strap with stretch back release , Cups with hidden inner sling for shape and support , Band and sides smooth and minimize bulge , Hook-and-eye closure ]","32D , 32DD , 32DDD , 32G , 34C , 34D , 34DD , 34DDD , 34G , 34H , 36C , 36D , 36DD , 36DDD , 36G , 36H , 38C , 38D , 38DD , 38DDD , 38G , 38H , 40C , 40D , 40DD , 40DDD , 40G , 40H , 42C , 42D , 42DD , 42DDD , 42G , 42H , 44C , 44D , 44DD , 44DDD , 44G , 44H","32D , 32DD , 32DDD , 32G , 34C , 34D , 34DD , 34DDD , 34G , 34H , 36C , 36D , 36DD , 36DDD , 36G , 36H , 38C , 38D , 38DD , 38DDD , 38G , 38H , 40C , 40D , 40DD , 40DDD , 40G , 40H , 42C , 42D , 42DD , 42DDD , 42G , 44C , 44D , 44DD , 44DDD , 44G , 44H",Naturally Nude
Calvin Klein Women's Bottoms Up Hipster Panty,$12.00 ,$11.00 ,https://www.amazon.com/-/dp/B007F8RVDO?th=1&psc=1,Calvin-Klein,Panties,Amazon US,"The bottoms up hipster features color prints, a refined lace trim, and a thin elasticized waistband for comfort and shape retention.",4.5,99,"[ 82%-84% Nylon 16%-18% Elastane , Imported , Machine Wash , Super soft microfiber , Lace trim ]","Small , Medium , Large","Small , Medium",Buff
Wacoal Women's Retro Chic Underwire Bra,$60.00 ,$60.00 ,https://www.amazon.com/-/dp/B007JTYQQY?th=1&psc=1,Wacoal,Bras,Amazon US,Beautiful low plunge chantilly lace bra with superior support. |Beautiful low plunge chantilly lace bra,4.4,753,"[ 82% Nylon/ 18% Spandex/Elastane , Hand Wash , Full-coverage bra featuring lace cups with mesh yoke , Band and sides smooth and minimize bulge , Seamed cups for superior lift, shape, and support , Leotard back ]","30B , 30D , 32B , 32C , 32D , 32DD , 32DDD , 32G , 34C , 34D , 34DD , 34DDD , 34G , 34H , 34I , 36C , 36D , 36DD , 36DDD , 36G , 36H , 36I , 38C , 38D , 38DD , 38DDD , 38G , 38H , 38I , 40C , 40D , 40DD , 40DDD , 40G , 40H , 40I , 42D , 42DD , 42DDD , 42G , 42H , 44D , 44DD , 44DDD , 44G , 44H , 46D , 46DD , 46DDD , 46G , 46H , 48H","32D , 32DD , 32DDD , 34C , 34D , 34DD , 34DDD , 34G , 36C , 36D , 36DD , 36DDD , 36G , 36H , 38C , 38DD , 38DDD , 38G , 38H , 40C , 40D , 40DD , 40DDD , 40G , 40H , 42D , 42DD , 42DDD",Ivory
Calvin Klein Women's Carousel 3 Pack Thong,$33.00 ,$19.99 ,https://www.amazon.com/-/dp/B01MZ8D589?th=1&psc=1,Calvin-Klein,Panties,Amazon US,This carousel thong 3-pack features classic cotton blend fabrication and an iconic Calvin Klein repeating logo waistband.,4,2,"[ Cotton , Imported , Contrasting elasticized Calvin Klein logo waistband , Cotton gusset , Three low-rise thong panties each featuring logoed waistband and cotton gusset ]","Women's Large / 12-14 , Small , Medium , Large","Medium , Large",Salvia/Grey Heather/Sultry
b.tempt'd by Wacoal Women's Lace Kiss Bralette,$18.00 ,$11.65 ,https://www.amazon.com/-/dp/B00SHYSSGE?th=1&psc=1,b-temptd,Bras,Amazon US,Lace kiss bralette has soft allover lace that make a beautiful underpinning,4,512,"[ 100% Nylon , Imported , Hand Wash , Lace bralette featuring semi-sheer cups, scalloped trim, and adjustable straps ]","Small , Medium , Large , X-Large",Medium,Night/Animal Accent
Wacoal Women's Front Close T-Back Bra,$46.00 ,$46.00 ,https://www.amazon.com/-/dp/B0000ZBUUO?th=1&psc=1,Wacoal,Bras,Amazon US,"Pure comfort in a seamless molded front close t-back bra |Body by Wacoal T-back has softness, comfort and the functional advantages of Supplex. This is a great option for those who prefer a front closure bra for convenience. This style offers comfort and is necessary for tops that have under deep or cutout armholes- it prevents straps from slipping off of shoulders.",4.2,730,"[ Fabric: 87% Nylon , 13% Spandex; Top cup: 100% Nylon , Imported , Hand Wash , Contour bra with mesh insert at cups and barrel-front closure , Fabric gives you the look and feel of cotton with the benefits of advanced fiber technology , Kicked in adjustable straps for sleeveless attire , Secure barrel front closure , Low center front ]","32C , 32D , 32DD , 34B , 34C , 34D , 34DD , 36B , 36C , 36D , 36DD , 38B , 38C , 38D , 38DD","32C , 32D , 32DD , 34B , 34C , 34D , 34DD , 36B , 36C , 36D , 36DD , 38B , 38C , 38DD",Black
Calvin Klein Women's Modern Cotton Bralette and Bikini Set,$44.00 ,$44.00 ,https://www.amazon.com/-/dp/B01MY7AXLL?th=1&psc=1,Calvin-Klein,Panties,Amazon US,A bralette and bikini set in soft cotton for breathable comfort,4.6,104,"[ 53% Cotton, 35% Modal, 12% Elastane , Imported , Machine Wash , Two-piece set featuring racerback sport bra and bikini panty with logoed elastic bands , Cotton gusset on panty ]","X-Small , Small , Medium , Large","Small , Large",Medium
Calvin Klein Women's 3 Pack Invisibles Hipster Panty,$33.00 ,$29.75 ,https://www.amazon.com/-/dp/B01IOZSE6Y?th=1&psc=1,Calvin-Klein,Panties,Amazon US,This sleek hipster features seam-free edges that are invisible under clothes.,3.9,90,"[ 72% Nylon, 28% Elastane , Imported , Hand Wash , Eliminates panty lines , Laser cut , Cotton panel ]","X-Small , Small , Medium , Large , X-Large","Small , Medium , X-Large","Speakeasy, Light Caramel, Black"
Wacoal Womens Basic Beauty Contour T-Shirt Bra,$55.00 ,$11.95 ,https://www.amazon.com/-/dp/B00DS4TDW6?th=1&psc=1,Wacoal,Bras,Amazon US,"Basic beauty contour spacer will offer great support in a breathable, soft, lightweight fabrication |Basic beauty contour spacer will offer great support in a breathable, soft, lightweight fabrication",4.2,585,"[ 85% Polyester, 15% Spandex , Imported , Hook and Eye closure , Hand Wash , Full-coverage t-shirt bra featuring scalloped trim with ribbon applique at center , Built-up camisole strap with stretch back release , Kicked in back for non-slip straps ,C, D, DD cups have 3 hooks and eyes, DDD and G cups have 4 hooks and eyes,underwire]","30D , 30DD , 30DDD , 32C , 32D , 32DD , 32DDD , 32G , 34C , 34D , 34DD , 34DDD , 34G , 36C , 36D , 36DD , 36DDD , 36G , 38C , 38D , 38DD , 38DDD , 38G , 40C , 40D , 40DD , 40DDD , 40G , 42D , 42DD , 42DDD , 44D , 44DD , 44DDD","30D , 30DD , 30DDD , 32D , 32DD , 32DDD , 32G , 34C , 34D , 34DD , 34DDD , 34G , 36C , 36D , 36DD , 36DDD , 36G , 38C , 38D , 38DD , 38DDD , 38G , 40C , 40D , 40DD , 40DDD , 40G , 42D , 42DD , 42DDD , 44D , 44DD , 44DDD",Black
Wacoal Women's Underwire Sport Bra,$65.00 ,$65.00 ,https://www.amazon.com/-/dp/B014TKFKHY?th=1&psc=1,Wacoal,Bras,Amazon US,"Sport bra offers great control, support and comfort for workouts or as your everyday bra |Wacoal Underwire Sport Bra",4.3,1879,"[ 80% Nylon/ 20% Spandex/Elastane , Imported , Hook and Eye closure , Hand Wash , Maximum Support for high impact activities.Great choice for full busted and full figured women , Two-ply fabric cups and floating underwire frame keep breast motion to a minimum , Outside underwire frame and shoulder strap adjustment designed to minimize chaffing ,Moisture-wicking athletic bra featuring triple hook-and-eye closure on back,Inner sling for extra support in G and H cup sizes]","32C , 32D , 32DD , 32DDD , 32G , 32H , 34C , 34D , 34DD , 34DDD , 34G , 34H , 36C , 36D , 36DD , 36DDD , 36G , 36H , 38C , 38D , 38DD , 38DDD , 38G , 38H , 40C , 40D , 40DD , 40DDD , 40G , 40H , 42D , 42DD , 42DDD","32C , 32D , 32DD , 32DDD , 32G , 34C , 34D , 34DD , 34DDD , 34G , 36C , 36D , 36DD , 36DDD , 36G , 38C , 38D , 38DD , 38DDD , 38G , 40C , 40D , 40DDD , 40G",Platinum/Fuchsia
Hanky Panky Women's Vikini Panty,$30.00 ,$30.00 ,https://www.amazon.com/-/dp/B00B4T3CBA?th=1&psc=1,Hanky-Panky,Panties,Amazon US,"Hanky Panky's revolutionarily flattering V-front, V-back waistband-our signature design for over 25 years.",4,46,"[ This adorable V-kini provides moderate coverage , Comfy, seamless waistband disappears under clothes , 5'' low rise; measurement taken from size Medium , Soft, stretch signature lace with cotton panel ]","XS, S, M, L, XL, 1X, 2X, 3X , Small , Medium , Large , X-Large","Small , Medium , Large",Marshmallow
Wacoal Women's Halo Underwire Bra,$48.00 ,$48.00 ,https://www.amazon.com/-/dp/B00JRSQBX6?th=1&psc=1,Wacoal,Bras,Amazon US,Beautiful all over cross-dye soft lace cups and wings.,4.4,383,"[ 82% Nylon, 18% Spandex , Imported , Hook and Eye closure , Hand Wash , Lace underwire bra featuring adjustable convertible straps that can be worn over shoulders or as racerback , Strap width increases with larger cup size , Inner support sling for DDD and G cup sizes ,J-hook on back strap allows for racerback option,Hook-and-eye closure at back]","32C , 32D , 32DD , 32DDD , 32G , 34B , 34C , 34D , 34DD , 34DDD , 34G , 36B , 36C , 36D , 36DD , 36DDD , 36G , 38B , 38C , 38D , 38DD , 38DDD , 40C , 40D , 40DD , 40DDD","32C , 32D , 32DD , 32DDD , 32G , 34B , 34C , 34D , 34DD , 34DDD , 34G , 36B , 36C , 36D , 36DD , 36DDD , 36G , 38C , 38D , 38DD , 38DDD , 40C , 40D , 40DD , 40DDD",Black
Wacoal Women's Basic Beauty Contour Bra,$55.00 ,$55.00 ,https://www.amazon.com/-/dp/B01M5GE099?th=1&psc=1,Wacoal,Bras,Amazon US,Basic beauty contour bra with breathable soft lightweight stretch micro spacer cups,4,2,"[ Cup: 85% Polyester, 15% Spandex , Imported , Hand Wash , Full coverage cup with inner mesh sling , Build up front strap lined for support , Kicked in back keeps straps in place , Deep back eliminates bulges , Adjustable low stretch strap ]","32C , 32D , 32DD , 32DDD , 32G , 34C , 34D , 34DD , 34DDD , 34G , 36C , 36D , 36DD , 36DDD , 36G , 38C , 38D , 38DD , 38DDD , 38G , 40C , 40D , 40DD , 40DDD , 42D , 42DD","32C , 32D , 32DD , 32DDD , 32G , 34C , 34D , 34DD , 34DDD , 34G , 36C , 36D , 36DD , 36DDD , 38C , 38D , 38DD , 38DDD , 38G , 40C , 40D , 40DD , 40DDD , 42D , 42DD",Cashmere Rose
Wacoal Women's Retro Chic Underwire Bra,$60.00 ,$60.00 ,https://www.amazon.com/-/dp/B003XCO7YC?th=1&psc=1,Wacoal,Bras,Amazon US,Beautiful low plunge chantilly lace bra with superior support. |Beautiful low plunge chantilly lace bra,4.5,725,"[ 82% Nylon/ 18% Spandex/Elastane , Imported , Hook and Eye closure , Hand Wash , Full-coverage bra featuring lace cups with mesh yoke , Band and sides smooth and minimize bulge , Seamed cups for superior lift, shape, and support , Leotard back ]","30B , 32B , 32C , 32D , 32DD , 32DDD , 32G , 34C , 34D , 34DD , 34DDD , 34G , 34H , 34I , 36C , 36D , 36DD , 36DDD , 36G , 36H , 36I , 38C , 38D , 38DD , 38DDD , 38G , 38H , 38I , 40C , 40D , 40DD , 40DDD , 40G , 40H , 40I , 42D , 42DD , 42DDD , 42G , 42H , 44D , 44DD , 44DDD , 44G , 44H , 46D , 46DD , 46DDD , 46G , 46H , 48H","30B , 32B , 32C , 32D , 32DD , 32DDD , 32G , 34C , 34D , 34DD , 34DDD , 34G , 34I , 36C , 36D , 36DD , 36DDD , 36G , 36H , 36I , 38C , 38D , 38DD , 38DDD , 38G , 38H , 38I , 40C , 40D , 40DD , 40DDD , 40G , 40H , 40I , 42D , 42DD , 42DDD , 42G , 42H , 44D , 44DD , 44DDD , 44G , 44H , 46D , 46DD , 46DDD , 46G , 48H",Black
Wacoal Women's How Perfect Soft Cup Bra,$60.00 ,$51.52 ,https://www.amazon.com/-/dp/B01N6HGFEZ?th=1&psc=1,Wacoal,Bras,Amazon US,How Perfect Soft Cup is super soft and comfortable.,4.2,158,"[ Body: 81% Nylon, 19% Spandex , Imported , Hand Wash , Clean tailored finishes at neckline and underarm , Adjustable stretch back strap , Smooth leotard back ]","30B , 30C , 30D , 30DD , 30DDD , 32B , 32C , 32D , 32DD , 32DDD , 34A , 34B , 34C , 34D , 34DD , 34DDD , 36A , 36B , 36C , 36D , 36DD , 38B , 38C , 38D , 40B","32C , 32D , 32DD , 34A , 34B , 34C , 34D , 34DD , 34DDD , 36B , 36C , 36D , 36DD , 38C , 38D",Blue Heron
Wacoal Women's Body By Wacoal Underwire Bra,$46.00 ,$43.00 ,https://www.amazon.com/-/dp/B0066646MK?th=1&psc=1,Wacoal,Bras,Amazon US,Body by wacoal seamless underwire is sleek and modern,4.4,279,"[ Body: 87% SUPPLEX Fabric Nylon, 13% Spandex Center Front; Top Cup: 100% Nylon , Imported , Hand Wash , Contour bra with underwire support and mesh insets;Camisole straps design with adjustments at back ]","32C , 32D , 32DD , 34B , 34C , 34D , 34DD , 36B , 36C , 36D , 36DD , 38B , 38C , 38D , 38DD","32D , 32DD , 34B , 34C , 34D , 34DD , 36B , 36D , 38B , 38C , 38D , 38DD",White
Wacoal Women's How Perfect Soft Cup Bra,$60.00 ,$60.00 ,https://www.amazon.com/-/dp/B00ND2Y0U8?th=1&psc=1,Wacoal,Bras,Amazon US,How Perfect Soft Cup is super soft and comfortable.,4.1,136,"[ 81% Nylon, 19% Spandex , Imported , Hook and Eye closure , Hand Wash , Clean tailored finishes at neckline and underarm , Adjustable stretch back strap , Smooth leotard back ]","30B , 30C , 30D , 30DD , 30DDD , 32B , 32C , 32D , 32DD , 32DDD , 34A , 34B , 34C , 34D , 34DD , 34DDD , 36A , 36B , 36C , 36D , 36DD , 38B , 38C , 38D , 40B","30C , 30D , 30DD , 30DDD , 32B , 32C , 32D , 32DD , 32DDD , 34A , 34B , 34C , 34D , 34DD , 34DDD , 36A , 36B , 36C , 36D , 36DD , 38B , 38C , 38D , 40B",Natural Nude
Wacoal Women's Retro Chic Contour Bra,$65.00 ,$65.00 ,https://www.amazon.com/-/dp/B01GTNIU4Y?th=1&psc=1,Wacoal,Bras,Amazon US,Seamless full coverage molded underwire with supportive spacer cups,4.2,107,"[ 90% Polyester, 10% Spandex , Imported , Hand Wash , Full coverage seamless underwire T-shirt bra , Supportive spacer fabric in cups , Kicked in back restricted stretch straps with back release , Lace side sling ]","32D , 32DD , 32DDD , 32G , 32H , 34D , 34DD , 34DDD , 34G , 34H , 36D , 36DD , 36DDD , 36G , 36H , 38D , 38DD , 38DDD , 38G , 40D , 40DD , 40DDD , 40G , 40H , 42D , 42DD , 42DDD , 44D , 44DD , 44DDD","32D , 32DDD , 34G , 36D , 36DD , 36DDD , 36G , 36H , 38D , 38DD , 38DDD , 38G , 40D , 40DD , 40DDD , 40G , 42DD , 42DDD , 44D , 44DD , 44DDD",Almond Blossom
Wacoal Women's Halo Strapless Bra,$46.00 ,$46.00 ,https://www.amazon.com/-/dp/B015T8KHFA?th=1&psc=1,Wacoal,Bras,Amazon US,Fashionable halo molded lace strapless bandeau underwire bra for day or evening wear,4.2,164,"[ 82% Nylon, 18% Spandex , Imported , Hook and Eye closure , Hand Wash , Strapless lace underwire bra and Smooth, flat, brushed lace , Silicone along neckline keeps the bra in place , Separate fully adjustable straps ]","32B , 32C , 32D , 32DD , 32DDD , 34B , 34C , 34D , 34DD , 34DDD , 36B , 36C , 36D , 36DD , 36DDD , 38B , 38C , 38D , 38DD , 38DDD","32C , 32D , 32DD , 32DDD , 34B , 34C , 34D , 34DD , 34DDD , 36B , 36C , 36D , 36DD , 36DDD , 38B , 38C , 38D , 38DD , 38DDD",Naturally Nude
Calvin Klein Women's Modern Cotton Boyshort Panty,$22.00 ,$19.49 ,https://www.amazon.com/-/dp/B01LYOFM5K?th=1&psc=1,Calvin-Klein,Panties,Amazon US,A Calvin Klein modern cotton boy short in soft cotton for breathable comfort and a comfortable waistband featuring the iconic Calvin Klein logo.,4.4,399,"[ 53% Cotton, 35% Modal, 12% Elastane , Imported , Machine Wash , Repeating Calvin Klein logo waistband , Cotton gusset , Soft and comfortable cotton boyshort , Tag less , Soft, stretch cotton ]","X-Small , Small , Medium , Large , X-Large","Small , Large , X-Large",White/Bright Nectar
Wacoal Women's Underwire Sport Bra,$65.00 ,$52.67 ,https://www.amazon.com/-/dp/B01GTNW25C?th=1&psc=1,Wacoal,Bras,Amazon US,"Sport bra offers great control, support and comfort for workouts or as your everyday bra |Wacoal Underwire Sport Bra",4.3,1848,"[ 80% Nylon, 20% Spandex Elastane , Imported , Hand Wash , Maximum Support for high impact activities.Great choice for full busted and full figured women , Two-ply fabric cups and floating underwire frame keep breast motion to a minimum , Outside underwire frame and shoulder strap adjustment designed to minimize chaffing , Moisture-wicking athletic bra featuring triple hook-and-eye closure on back , Inner sling for extra support in G and H cup sizes. Kicked in straps have six row slide and hook positions for a custom fit ]","32C , 32D , 32DD , 32DDD , 32G , 32H , 34C , 34D , 34DD , 34DDD , 34G , 34H , 36C , 36D , 36DD , 36DDD , 36G , 36H , 38C , 38D , 38DD , 38DDD , 38G , 38H , 40C , 40D , 40DD , 40DDD , 40G , 40H , 42D , 42DD , 42DDD","32C , 32D , 32DD , 32G , 32H , 34C , 34D , 34DD , 34DDD , 34G , 34H , 36C , 36D , 36DD , 36DDD , 36G , 36H , 38C , 38D , 38DD , 38DDD , 38G , 38H , 40C , 40DD , 40G , 40H , 42D , 42DD",Teaberry/Gray
b.tempt'd by Wacoal Womens Ciao Bella Tanga Panty,$19.00 ,$19.00 ,https://www.amazon.com/-/dp/B015O7EIDI?th=1&psc=1,b-temptd,Panties,Amazon US,Tanga offers corded lace overlay with dramatic scallop at lower front and back edges,4.1,60,"[ 86% Nylon/14% Spandex , Imported , Hand Wash , Low-rise tanga panty in sheer floral lace featuring scalloped trim and cheeky rear coverage , Bow at center ]","Small , Medium , Large","Small , Medium",Large
Wacoal Women's Embrace Lace Bra,$50.00 ,$44.50 ,https://www.amazon.com/-/dp/B018EBOWDC?th=1&psc=1,Wacoal,Bras,Amazon US,Embrace Lace Fashion Wire,4.3,410,"[ Lace: 54% Nylon, 33% Polyester, 13% Spandex , Imported , Hand Wash , Scalloped edging all around for a feminine look , Fully adjustable in the back , Cups at lined and have a mesh sling for lift and support , Coordinating pants available ]","32B , 32C , 32D , 32DD , 32DDD , 34B , 34C , 34D , 34DD , 34DDD , 36B , 36C , 36D , 36DD , 36DDD , 38B , 38C , 38D , 38DD , 38DDD , 40D , 40DD","32C , 32D , 32DD , 32DDD , 34C , 34DD , 34DDD , 36C , 36D , 36DD , 38C , 38DD , 40D",Frost Gray/Primrose
Wacoal Women's Full Figure Basic Beauty Underwire Bra,$50.00 ,$50.00 ,https://www.amazon.com/-/dp/B002UIAQA4?th=1&psc=1,Wacoal,Bras,Amazon US,Seamless molded two-ply cups with inner sling for smooth support,4.2,961,"[ 85% Nylon/15% Spandex , Imported , Hook and Eye closure , Hand Wash , Full-coverage bra with built-in camisole strap with stretch back release , Cups with hidden inner sling for shape and support , Band and sides smooth and minimize bulge , Hook-and-eye closure ]","32D , 32DD , 32DDD , 32G , 34C , 34D , 34DD , 34DDD , 34G , 34H , 36C , 36D , 36DD , 36DDD , 36G , 36H , 38C , 38D , 38DD , 38DDD , 38G , 38H , 40C , 40D , 40DD , 40DDD , 40G , 40H , 42C , 42D , 42DD , 42DDD , 42G , 42H , 44C , 44D , 44DD , 44DDD , 44G , 44H","32D , 32DD , 32DDD , 32G , 34C , 34D , 34DD , 34DDD , 34G , 34H , 36C , 36D , 36DD , 36DDD , 36G , 36H , 38C , 38D , 38DD , 38G , 38H , 40C , 40D , 40DD , 40DDD , 40G , 40H , 42C , 42D , 42DD , 42DDD , 42G , 42H , 44C , 44D , 44DD , 44DDD , 44G , 44H",Naturally Nude
Calvin Klein Women's Naked Glamour Strapless Push Up Bra,$42.00 ,$28.27 ,https://www.amazon.com/-/dp/B00EOBCRF2?th=1&psc=1,Calvin-Klein,Bras,Amazon US,This essential naked glamour push up strapless bra features luxurious smooth cups for an effortlessly glamorous look.,3.9,178,"[ 67% Nylon, 33% Spandex , Imported , hook and eye closure , Hand Wash , Strapless push-up bra with sweetheart cut , Adjustable and removable straps , Interior grip lining at seams for fit ,Hook-and-eye back closure,Small logo plaque at center front]","30B , 30C , 30D , 30DD , 32A , 32B , 32C , 32D , 32DD , 34A , 34B , 34C , 34D , 34DD , 36A , 36B , 36C , 36D , 36DD , 38B , 38C","30D , 30DD , 32A , 32B , 32C , 32D , 32DD , 34A , 34B , 34C , 34D , 34DD , 36A , 36B , 36C , 36D , 36DD , 38B , 38C",Black
Wacoal Women's Full Figure Basic Beauty Underwire Bra,$50.00 ,$50.00 ,https://www.amazon.com/-/dp/B01D946IC2?th=1&psc=1,Wacoal,Bras,Amazon US,Seamless molded two-ply cups with inner sling for smooth support,4.2,957,"[ 85% Nylon/15% Spandex , Imported , Hook and Eye closure , Hand Wash , Full-coverage bra with built-in camisole strap with stretch back release , Cups with hidden inner sling for shape and support , Band and sides smooth and minimize bulge , Hook-and-eye closure ]","32D , 32DD , 32DDD , 32G , 34C , 34D , 34DD , 34DDD , 34G , 34H , 36C , 36D , 36DD , 36DDD , 36G , 36H , 38C , 38D , 38DD , 38DDD , 38G , 38H , 40C , 40D , 40DD , 40DDD , 40G , 40H , 42C , 42D , 42DD , 42DDD , 42G , 42H , 44C , 44D , 44DD , 44DDD , 44G , 44H","32DD , 34D , 38C",Dark Denim
Calvin Klein Women's Perfectly Fit Lightly Lined Memory Touch T-Shirt Bra,$46.00 ,$41.40 ,https://www.amazon.com/-/dp/B00JR4LAEA?th=1&psc=1,Calvin-Klein,Bras,Amazon US,This full coverage bra features lightly lined cups with Memory Touch for ultimate comfort and a perfect fit. |T-shirt bra,4.3,480,"[ 71% Nylon, 29% Spandex , Imported , hook and eye closure , Hand Wash , Memory touch technology T-shirt bra , Voted ""The Best T-shirt Bra"" from New York Magazine! , Calvin Klein logo on left wing ,Molds quickly to the shape of the body,Double layer bonded wings for invisibility and soft support]","30B , 30C , 30D , 30DD , 32A , 32B , 32C , 32D , 32DD , 32DDD , 34A , 34B , 34C , 34D , 34DD , 34DDD , 36A , 36B , 36C , 36D , 36DD , 36DDD , 38B , 38C , 38D , 38DD","30D , 30DD , 32A , 32B , 32C , 32D , 32DD , 32DDD , 34A , 34B , 34C , 34D , 34DD , 34DDD , 36A , 36B , 36C , 36D , 36DD , 36DDD , 38B , 38C , 38D , 38DD",Black
Wacoal Women's Amazing Assets Contour Bra,$65.00 ,$65.00 ,https://www.amazon.com/-/dp/B00JROWN2I?th=1&psc=1,Wacoal,Bras,Amazon US,Soft pillow foam contour bra with low crisscross center,3.8,88,"[ 65% Nylon/35% Spandex , Imported , Hand Wash , Full-coverage bra featuring underwire contour cups with crisscross center straps , Adjustable straps , Hook-and-eye closure ]","32C , 32D , 32DD , 32DDD , 34B , 34C , 34D , 34DD , 34DDD , 36B , 36C , 36D , 36DD , 36DDD , 38B , 38C , 38D , 38DD","32C , 32D , 32DD , 32DDD , 34B , 34C , 34D , 34DD , 34DDD , 36B , 36C , 36D , 36DD , 36DDD , 38C , 38D , 38DD",Naturally Nude
Wacoal Women's Sport Zip Front Contour Bra,$69.84 ,$69.84 ,https://www.amazon.com/-/dp/B01C7WM4KC?th=1&psc=1,Wacoal,Bras,Amazon US,High impact sports bra with a front close zipper which locks in place for a secure workout,3.8,98,"[ 72% Nylon, 28% Spandex , Imported , Zipper closure , Hand Wash , Single hook at the top of the zipper placket for added security , Think foam cups provide great shape with no show through , Hidden underwire delivers support ,Plush back bottom band elastic will be comfortable and stay in place throughout the workout,Low stretch adjustable straps minimize bounce]","30C , 30D , 30DD , 30DDD , 32C , 32D , 32DD , 32DDD , 32G , 34C , 34D , 34DD , 34DDD , 34G , 36C , 36D , 36DD , 36DDD , 36G , 38C , 38D , 38DD , 38DDD , 38G , 40C , 40D , 40DD , 40DDD","30C , 30D , 30DD , 30DDD , 32C , 32D , 32DD , 32DDD , 32G , 34D , 34DD , 34DDD , 34G , 36C , 36D , 36DD , 36DDD , 36G , 38C , 38D , 38DD , 38DDD , 38G , 40C , 40D , 40DD , 40DDD",Castlerock/Black
Wacoal Women's Awareness Underwire Bra,$65.00 ,$65.00 ,https://www.amazon.com/-/dp/B000T369KI?th=1&psc=1,Wacoal,Bras,Amazon US,"Awareness full figure underwire bra with beautiful, smooth jacquard lily fabric",4.4,1163,"[ 80% Nylon/20% Spandex , Imported , Hook and Eye closure , Hand Wash , Bra featuring full molded cups with underwire encased between inner and outer cups , Adjustable straps , Hook-and-eye closure ]","32D , 32DD , 32DDD , 32G , 34C , 34D , 34DD , 34DDD , 34G , 34H , 34I , 36C , 36D , 36DD , 36DDD , 36G , 36H , 36I , 38C , 38D , 38DD , 38DDD , 38G , 38H , 38I , 40C , 40D , 40DD , 40DDD , 40G , 40H , 40I , 42C , 42D , 42DD , 42DDD , 42G , 42H , 44C , 44D , 44DD , 44DDD , 44G , 44H","32D , 32DD , 32DDD , 32G , 34C , 34D , 34DD , 34DDD , 34G , 34H , 34I , 36C , 36D , 36DD , 36DDD , 36G , 36H , 36I , 38C , 38D , 38DD , 38DDD , 38G , 38H , 38I , 40C , 40D , 40DD , 40DDD , 40G , 40H , 40I , 42C , 42D , 42DDD , 42G , 42H , 44C , 44D , 44DD , 44DDD , 44G , 44H",Naturally Nude
Wacoal Women's Bodysuede Underwire Bra,$60.00 ,$60.00 ,https://www.amazon.com/-/dp/B002C2KZOA?th=1&psc=1,Wacoal,Bras,Amazon US,"Bodysuede Full Figure Seamless Bra offers stretch seamless with microdenier hand. Details include double cup support, hidden foam sling for uplift, shaping and support. Seamless, smooth and comfortable! Full figure seamless underwire with a hidden inner sling for great support! Wide padded straps relieve shoulder strain. Colors: Ivory, Black, French Nude. Sizes: C 34-40; D, DD, DDD 32-40. |Bodysuede Full Figure Seamless Bra offers stretch seamless with microdenier hand. Details include double cup support, hidden foam sling for uplift, shaping and support.",4.4,378,"[ Lining: 100% Nylon; Body: 86% Nylon, 14% Spandex Elastane Center , Imported , Supportive bra with double cup support featuring hidden foam sling for uplift and padded-foam adjustable straps^Hook-and-eye back closure ]","32D , 32DD , 32DDD , 34C , 34D , 34DD , 34DDD , 36C , 36D , 36DD , 36DDD , 38C , 38D , 38DD , 38DDD , 40C , 40D , 40DD , 40DDD , 42C , 42D , 42DD , 42DDD , 44C , 44D , 44DD , 44DDD","32D , 32DD , 32DDD , 34C , 34D , 34DD , 34DDD , 36C , 36D , 36DD , 36DDD , 38C , 38D , 38DD , 38DDD , 40C , 40D , 40DD , 40DDD , 42D , 42DDD , 44D , 44DD , 44DDD",French Nude
Wacoal Women's Full Figure Basic Beauty Underwire Bra,$50.00 ,$36.99 ,https://www.amazon.com/-/dp/B008DKBWBU?th=1&psc=1,Wacoal,Bras,Amazon US,Seamless molded two-ply cups with inner sling for smooth support,4.2,961,"[ 85% Nylon/15% Spandex , Imported , Hook and Eye closure , Hand Wash , Full-coverage bra with built-in camisole strap with stretch back release , Cups with hidden inner sling for shape and support , Band and sides smooth and minimize bulge , Hook-and-eye closure ]","32D , 32DD , 32DDD , 32G , 34C , 34D , 34DD , 34DDD , 34G , 34H , 36C , 36D , 36DD , 36DDD , 36G , 36H , 38C , 38D , 38DD , 38DDD , 38G , 38H , 40C , 40D , 40DD , 40DDD , 40G , 40H , 42C , 42D , 42DD , 42DDD , 42G , 42H , 44C , 44D , 44DD , 44DDD , 44G , 44H","32D , 32DD , 32DDD , 34C , 34D , 34DD , 34DDD , 34G , 34H , 36C , 36D , 36DD , 36DDD , 36G , 36H , 38C , 38D , 38DD , 38DDD , 38G , 38H , 40C , 40D , 40DD , 40DDD , 40G , 40H , 42C , 42DD , 42DDD , 42G , 42H , 44C , 44D , 44DD , 44DDD , 44H",Cappuccino
Wacoal Women's Underwire Sport Bra,$65.00 ,$45.50 ,https://www.amazon.com/-/dp/B01GTNW888?th=1&psc=1,Wacoal,Bras,Amazon US,"Sport bra offers great control, support and comfort for workouts or as your everyday bra |Wacoal Underwire Sport Bra",4.3,1855,"[ 80% Nylon, 20% Spandex Elastane , Imported , Hand Wash , Maximum Support for high impact activities.Great choice for full busted and full figured women , Two-ply fabric cups and floating underwire frame keep breast motion to a minimum , Outside underwire frame and shoulder strap adjustment designed to minimize chaffing , Moisture-wicking athletic bra featuring triple hook-and-eye closure on back , Inner sling for extra support in G and H cup sizes. Kicked in straps have six row slide and hook positions for a custom fit ]","32C , 32D , 32DD , 32DDD , 32G , 32H , 34C , 34D , 34DD , 34DDD , 34G , 34H , 36C , 36D , 36DD , 36DDD , 36G , 36H , 38C , 38D , 38DD , 38DDD , 38G , 38H , 40C , 40D , 40DD , 40DDD , 40G , 40H , 42D , 42DD , 42DDD","32C , 32D , 32DD , 32G , 32H , 34C , 34D , 34DD , 34DDD , 34G , 36C , 36D , 36DD , 36DDD , 36G , 36H , 38C , 38D , 38DDD , 38G , 38H , 40C , 40D , 40DD , 40G , 40H , 42D",Teaberry/Gray
Wacoal Women's How Perfect Soft Cup Bra,$60.00 ,$60.00 ,https://www.amazon.com/-/dp/B00NW0P0RS?th=1&psc=1,Wacoal,Bras,Amazon US,How Perfect Soft Cup is super soft and comfortable.,4.1,136,"[ 81% Nylon, 19% Spandex , Imported , Hook and Eye closure , Hand Wash , Clean tailored finishes at neckline and underarm , Adjustable stretch back strap , Smooth leotard back ]","30B , 30C , 30D , 30DD , 30DDD , 32B , 32C , 32D , 32DD , 32DDD , 34A , 34B , 34C , 34D , 34DD , 34DDD , 36A , 36B , 36C , 36D , 36DD , 38B , 38C , 38D , 40B","30B , 30C , 30D , 30DD , 30DDD , 32B , 32C , 32D , 32DD , 32DDD , 34A , 34B , 34C , 34D , 34DD , 34DDD , 36A , 36B , 36C , 36D , 36DD , 38C",Black
Wacoal Embrace Lace Bikini Panty,$27.00 ,$27.00 ,https://www.amazon.com/-/dp/B003GDICYY?th=1&psc=1,Wacoal,Panties,Amazon US,Embrace lace bikini offers great fit and matches coordinating pieces in the collection |Embrace Lace Bikini,4.3,94,"[ 100% Nylon , 0.9"" high , 5.8"" wide , Scalloped detailing around waistband , body: 82% nylon/18% lycra spandex Lace 48% polyester/41% nylon/11% lycra spandex crotch lining: 100% cotton ]","Small , Medium , Large , X-Large","Small , Medium , X-Large",Large
Wacoal Women's Halo Underwire Bra,$48.00 ,$34.95 ,https://www.amazon.com/-/dp/B01N0RLLE4?th=1&psc=1,Wacoal,Bras,Amazon US,Beautiful all over cross-dye soft lace cups and wings.,4.3,398,"[ Body: 82% Nylon, 18% Spandex , Imported , Hand Wash , Stretch straps , J-hook for t-back adjustment and convertibility ]","32C , 32D , 32DD , 32DDD , 32G , 34B , 34C , 34D , 34DD , 34DDD , 34G , 36B , 36C , 36D , 36DD , 36DDD , 36G , 38B , 38C , 38D , 38DD , 38DDD , 40C , 40D , 40DD , 40DDD","32C , 32DD , 32DDD , 32G , 34B , 34C , 34D , 34DDD , 34G , 36B , 36C , 36D , 36DD , 38B , 38C , 38D , 38DD , 38DDD , 40D",Conch Shell
Wacoal Women's Full Figure Basic Beauty Underwire Bra,$50.00 ,$50.00 ,https://www.amazon.com/-/dp/B004FUEAP2?th=1&psc=1,Wacoal,Bras,Amazon US,Seamless molded two-ply cups with inner sling for smooth support,4.2,969,"[ Nylon/Stretch Blend , Imported , Hook and Eye closure , Featured in ivory , Style #: 855192 , Full figure seamless underwire bra , Great fit, comfort and support , Bodysuede fabric feels sleek and smooth on the body ]","32D , 32DD , 32DDD , 32G , 34C , 34D , 34DD , 34DDD , 34G , 34H , 36C , 36D , 36DD , 36DDD , 36G , 36H , 38C , 38D , 38DD , 38DDD , 38G , 38H , 40C , 40D , 40DD , 40DDD , 40G , 40H , 42C , 42D , 42DD , 42DDD , 42G , 42H , 44C , 44D , 44DD , 44DDD , 44G , 44H","32D , 32DD , 32DDD , 32G , 34C , 34D , 34DD , 34DDD , 34G , 34H , 36C , 36D , 36DD , 36DDD , 36G , 36H , 38C , 38D , 38DD , 38DDD , 38G , 38H , 40C , 40D , 40DD , 40DDD , 40G , 40H , 42C , 42D , 42DD , 42DDD , 42G , 42H , 44D , 44DD , 44DDD , 44G , 44H",Naturally Nude
Wacoal Women's Lace Affair Bikini Panty,$22.00 ,$22.00 ,https://www.amazon.com/-/dp/B01MZ3RM5F?th=1&psc=1,Wacoal,Panties,Amazon US,Lace affair bikini with intricate cross-dyed lace with scallop detail at front waist,4.8,5,"[ Body: 48% Polyester, 43% Nylon, 9% Spandex; Panel Lining: 100% Cotton , Imported , Pull On closure , Hand Wash , Elastic at back leg anchors garment to insure it stays in place , Cotton crotch lining ]","Small , Medium , Large , X-Large","Small , Medium , Large",Rose Dust/Angel Wing
Wacoal Women's Awareness Underwire Bra,$65.00 ,$65.00 ,https://www.amazon.com/-/dp/B003RHIKA0?th=1&psc=1,Wacoal,Bras,Amazon US,"Awareness full figure underwire bra with beautiful, smooth jacquard lily fabric",4.4,1163,"[ 80% Nylon/20% Spandex , Imported , Hook and Eye closure , Hand Wash , Bra featuring full molded cups with underwire encased between inner and outer cups , Adjustable straps , Hook-and-eye closure ]","32D , 32DD , 32DDD , 32G , 34C , 34D , 34DD , 34DDD , 34G , 34H , 34I , 36C , 36D , 36DD , 36DDD , 36G , 36H , 36I , 38C , 38D , 38DD , 38DDD , 38G , 38H , 38I , 40C , 40D , 40DD , 40DDD , 40G , 40H , 40I , 42C , 42D , 42DD , 42DDD , 42G , 42H , 44C , 44D , 44DD , 44DDD , 44G , 44H","32D , 32DD , 32DDD , 32G , 34C , 34D , 34DD , 34DDD , 34G , 34H , 34I , 36C , 36D , 36DD , 36DDD , 36G , 36H , 36I , 38C , 38D , 38DD , 38DDD , 38G , 38I , 40C , 40D , 40DD , 40DDD , 40G , 40H , 40I , 42C , 42D , 42DD , 42DDD , 42G , 42H , 44C , 44D , 44DD , 44DDD , 44G , 44H",Naturally Nude
Wacoal Women's Basic Beauty Contour Bra,$55.00 ,$55.00 ,https://www.amazon.com/-/dp/B01N1VK1G1?th=1&psc=1,Wacoal,Bras,Amazon US,Basic beauty contour bra with breathable soft lightweight stretch micro spacer cups,4,2,"[ Cup: 85% Polyester, 15% Spandex , Imported , Hook and Eye closure , Hand Wash , Full coverage cup with inner mesh sling , Build up front strap lined for support , Kicked in back keeps straps in place ,Deep back eliminates bulges,Adjustable low stretch strap]","32C , 32D , 32DD , 32DDD , 32G , 34C , 34D , 34DD , 34DDD , 34G , 36C , 36D , 36DD , 36DDD , 36G , 38C , 38D , 38DD , 38DDD , 38G , 40C , 40D , 40DD , 40DDD , 42D , 42DD","32C , 32D , 32DDD , 32G , 34C , 34D , 34DD , 34DDD , 34G , 36C , 36D , 36DD , 36DDD , 36G , 38C , 38D , 38DD , 38DDD , 40C , 40D , 40DD , 40DDD , 42D , 42DD",Royal Blue
Calvin Klein Women's Naked Glamour Strapless Push Up Bra,$42.00 ,$29.99 ,https://www.amazon.com/-/dp/B01N5NY4PC?th=1&psc=1,Calvin-Klein,Bras,Amazon US,This essential naked glamour push up strapless bra features luxurious smooth cups for an effortlessly glamorous look.,3.9,178,"[ Imported , hook and eye closure , CK Coverage Level: 2, 70% nylon/30% elastane , Hand wash ]","30B , 30C , 30D , 30DD , 32A , 32B , 32C , 32D , 32DD , 34A , 34B , 34C , 34D , 34DD , 36A , 36B , 36C , 36D , 36DD , 38B , 38C","32A , 32B , 32C , 32D , 32DD , 34A , 34B , 34C , 34D , 34DD , 36C , 36D",Cinnamon
Wacoal Women's Retro Chic Underwire Bra,$48.00 ,$48.00 ,https://www.amazon.com/-/dp/B01B4GCBIM?th=1&psc=1,Wacoal,Bras,Amazon US,Beautiful low plunge chantilly lace bra with superior support. |Beautiful low plunge chantilly lace bra,4.4,753,"[ Lace: 100% Nylon; Back: 82% Nylon, 18% Spandex , Imported , Hook and Eye closure , Hand Wash , Delicate sheer window at top of cup gives a pared down look , Stretch satin strap with back adjustment , Leotard back ]","30B , 30D , 32B , 32C , 32D , 32DD , 32DDD , 32G , 34C , 34D , 34DD , 34DDD , 34G , 34H , 34I , 36C , 36D , 36DD , 36DDD , 36G , 36H , 36I , 38C , 38D , 38DD , 38DDD , 38G , 38H , 38I , 40C , 40D , 40DD , 40DDD , 40G , 40H , 40I , 42D , 42DD , 42DDD , 42G , 42H , 44D , 44DD , 44DDD , 44G , 44H , 46D , 46DD , 46DDD , 46G , 46H , 48H","32D , 32DD , 32DDD , 34C , 34D , 34DD , 34DDD , 34G , 36C , 36D , 36DD , 36DDD , 38C , 38D , 38DD , 38DDD , 38G , 40D , 40DDD , 42D , 44DD",Raspberry
Calvin Klein Women's Perfectly Fit Lightly Lined Memory Touch T-Shirt Bra,$46.00 ,$46.00 ,https://www.amazon.com/-/dp/B01MYAD976?th=1&psc=1,Calvin-Klein,Bras,Amazon US,This full coverage bra features lightly lined cups with Memory Touch for ultimate comfort and a perfect fit. |T-shirt bra,4.3,466,"[ 72% Nylon, 28% Elastane , Imported , Hand Wash , Memory touch technology T-shirt bra , Voted ""The Best T-shirt Bra"" from New York Magazine! , Calvin Klein logo on left wing , Molds quickly to the shape of the body , Double layer bonded wings for invisibility and soft support ]","30C , 30D , 30DD , 32A , 32B , 32C , 32D , 32DD , 32DDD , 34A , 34B , 34C , 34D , 34DD , 34DDD , 36A , 36B , 36C , 36D , 36DD , 36DDD , 38B , 38C , 38D , 38DD","32A , 32B , 32C , 34A , 34B , 36A , 36C , 36DD",Dark Midnight
Calvin Klein Women's 3 Pack Carousel Thong Panty,$33.00 ,$20.99 ,https://www.amazon.com/-/dp/B0147JPOOQ?th=1&psc=1,Calvin-Klein,Panties,Amazon US,A set of 3 Calvin Klein Underwear thongs in neutral hues. Logo lettering at elastic waistband.,4.7,457,"[ 90% Cotton, 10% Elastane , Imported , Machine Wash , Contrasting elasticized Calvin Klein logo waistband , Cotton gusset , Three low-rise thong panties each featuring logoed waistband and cotton gusset ]","Small , Medium , Large","Medium , Large",Black/White/Grey Heather
Wacoal Women's Full Figure Basic Beauty Underwire Bra,$50.00 ,$50.00 ,https://www.amazon.com/-/dp/B005FR9WQQ?th=1&psc=1,Wacoal,Bras,Amazon US,Seamless molded two-ply cups with inner sling for smooth support,4.2,913,"[ 85% Nylon/15% Spandex , Imported , Hook and Eye closure , Hand Wash , Full-coverage bra with built-in camisole strap with stretch back release , Cups with hidden inner sling for shape and support , Band and sides smooth and minimize bulge , Hook-and-eye closure ]","32D , 32DD , 32DDD , 32G , 34C , 34D , 34DD , 34DDD , 34G , 34H , 36C , 36D , 36DD , 36DDD , 36G , 36H , 38C , 38D , 38DD , 38DDD , 38G , 38H , 40C , 40D , 40DD , 40DDD , 40G , 40H , 42C , 42D , 42DD , 42DDD , 42G , 42H , 44C , 44D , 44DD , 44DDD , 44G , 44H","32D , 32DD , 32DDD , 32G , 34C , 34D , 34DD , 34DDD , 34G , 34H , 36C , 36D , 36DD , 36DDD , 36G , 38C , 38D , 38DD , 38DDD , 38G , 38H , 40C , 40D , 40DD , 40DDD , 40G , 40H , 42C , 42D , 42DD , 42DDD , 42G , 42H , 44D , 44DD , 44DDD , 44G , 44H",Naturally Nude
Wacoal Women's Retro Chic Underwire Bra,$60.00 ,$48.00 ,https://www.amazon.com/-/dp/B015YAWDZA?th=1&psc=1,Wacoal,Bras,Amazon US,Beautiful low plunge chantilly lace bra with superior support. |Beautiful low plunge chantilly lace bra,4.4,753,"[ 82% Nylon/ 18% Spandex/Elastane , Imported , Hand Wash , Full-coverage bra featuring lace cups with mesh yoke , Band and sides smooth and minimize bulge , Seamed cups for superior lift, shape, and support , Leotard back ]","30B , 30D , 32B , 32C , 32D , 32DD , 32DDD , 32G , 34C , 34D , 34DD , 34DDD , 34G , 34H , 34I , 36C , 36D , 36DD , 36DDD , 36G , 36H , 36I , 38C , 38D , 38DD , 38DDD , 38G , 38H , 38I , 40C , 40D , 40DD , 40DDD , 40G , 40H , 40I , 42D , 42DD , 42DDD , 42G , 42H , 44D , 44DD , 44DDD , 44G , 44H , 46D , 46DD , 46DDD , 46G , 46H , 48H","32DDD , 34G , 36D , 38D , 38DDD , 40DDD , 42D",White Jade
Wacoal Women's Full Figure Basic Beauty Underwire Bra,$50.00 ,$50.00 ,https://www.amazon.com/-/dp/B0055BQ602?th=1&psc=1,Wacoal,Bras,Amazon US,Seamless molded two-ply cups with inner sling for smooth support,4.2,961,"[ 85% Nylon/15% Spandex , Imported , Hook and Eye closure , Hand Wash , 1"" high , 1"" wide , Full-coverage bra with built-in camisole strap with stretch back release ,Cups with hidden inner sling for shape and support,Band and sides smooth and minimize bulge,Hook-and-eye closure]","32D , 32DD , 32DDD , 32G , 34C , 34D , 34DD , 34DDD , 34G , 34H , 36C , 36D , 36DD , 36DDD , 36G , 36H , 38C , 38D , 38DD , 38DDD , 38G , 38H , 40C , 40D , 40DD , 40DDD , 40G , 40H , 42C , 42D , 42DD , 42DDD , 42G , 42H , 44C , 44D , 44DD , 44DDD , 44G , 44H","32D , 32DD , 32DDD , 34C , 34D , 34DD , 34G , 34H , 36C , 36D , 36DD , 36DDD , 36G , 36H , 38C , 38D , 38DD , 38DDD , 38G , 38H , 40C , 40D , 40DD , 40DDD , 40G , 40H , 42C , 42D , 42DD , 42DDD , 42G , 42H , 44D , 44DD , 44DDD",Ivory
Calvin Klein Women's Sheer Marquisette Demi Unlined Bra,$36.00 ,$36.00 ,https://www.amazon.com/-/dp/B01MYAD9Q8?th=1&psc=1,Calvin-Klein,Bras,Amazon US,"An unlined demi cup bra featuring sheer, sexy fabrication and bold, contrasting edging with repeating Calvin Klein logo.",4.6,61,"[ 72% Nylon, 28% Elastane , Imported , Hand Wash , New super soft light weight sheer fabrication , Unlined demi cup , Sheer cup , Ultra light ABD breathable spacer cup technology ]","30B , 30C , 30D , 30DD , 32A , 32B , 32C , 32D , 32DD , 34A , 34B , 34C , 34D , 34DD , 36A , 36B , 36C , 36D , 36DD , 38B , 38C , 38D","30B , 30C , 30D , 30DD , 32A , 32B , 32C , 32DD , 34A , 34B , 34C , 34D , 36A , 36B , 36C , 36D , 36DD , 38B , 38C , 38D",Nympth's Thigh
Wacoal Women's Basic Beauty Front Close Contour Bra,$55.00 ,$55.00 ,https://www.amazon.com/-/dp/B015WZ6HE0?th=1&psc=1,Wacoal,Bras,Amazon US,Front close contour bra with lightweight stretch spacer cups,4.2,26,"[ Cup: 85% Polyester, 15% Spandex , Imported , Hand Wash , Delivers modesty without adding bulk , Front close locks in place , Two tabs on back wing for criss cross or kicked in ]","32C , 32D , 32DD , 32DDD , 34C , 34D , 34DD , 34DDD , 36C , 36D , 36DD , 36DDD , 38C , 38D , 38DD , 38DDD , 40C , 40D , 40DD , 40DDD","32C , 32D , 32DD , 32DDD , 34C , 34D , 34DD , 36C , 36D , 36DD , 36DDD , 38C , 38D , 38DD , 38DDD , 40C , 40D , 40DD , 40DDD",Black
Wacoal Women's Retro Chic Contour Bra,$65.00 ,$52.97 ,https://www.amazon.com/-/dp/B015YBLIGE?th=1&psc=1,Wacoal,Bras,Amazon US,Seamless full coverage molded underwire with supportive spacer cups,4.2,107,"[ 90% Polyester, 10% Spandex , Imported , Hand Wash , Full coverage seamless underwire T-shirt bra , Supportive spacer fabric in cups , Kicked in back restricted stretch straps with back release , Lace side sling ]","32D , 32DD , 32DDD , 32G , 32H , 34D , 34DD , 34DDD , 34G , 34H , 36D , 36DD , 36DDD , 36G , 36H , 38D , 38DD , 38DDD , 38G , 38H , 40D , 40DD , 40DDD , 40G , 40H , 42D , 42DD , 42DDD , 44D , 44DD , 44DDD","32D , 32DD , 32G , 32H , 34D , 34DD , 34DDD , 34G , 34H , 36D , 36DD , 36DDD , 36G , 36H , 38D , 38DD , 38DDD , 38G , 40D , 40DD , 40DDD , 40G , 40H , 42D , 42DD , 42DDD , 44D , 44DD , 44DDD",White
Calvin Klein Women's Perfectly Fit Lightly Lined Memory Touch T-Shirt Bra,$46.00 ,$40.48 ,https://www.amazon.com/-/dp/B00JROC53K?th=1&psc=1,Calvin-Klein,Bras,Amazon US,This full coverage bra features lightly lined cups with Memory Touch for ultimate comfort and a perfect fit. |T-shirt bra,4.3,488,"[ 71% Nylon, 29% Spandex , Imported , Hand Wash , Memory touch technology T-shirt bra , Voted ""The Best T-shirt Bra"" from New York Magazine! , Calvin Klein logo on left wing , Molds quickly to the shape of the body , Double layer bonded wings for invisibility and soft support ]","30C , 30D , 30DD , 32A , 32B , 32C , 32D , 32DD , 32DDD , 34A , 34B , 34C , 34D , 34DD , 34DDD , 36A , 36B , 36C , 36D , 36DD , 36DDD , 38B , 38C , 38D , 38DD","30C , 30D , 30DD , 32A , 32B , 32C , 32D , 32DD , 32DDD , 34A , 34B , 34C , 34D , 34DD , 34DDD , 36B , 36C , 36D , 36DD , 36DDD , 38B , 38C , 38D , 38DD",Bare
Wacoal Women's Body By Wacoal Underwire Bra,$46.00 ,$39.46 ,https://www.amazon.com/-/dp/B0066647DS?th=1&psc=1,Wacoal,Bras,Amazon US,Body by wacoal seamless underwire is sleek and modern,4.4,279,"[ Body: SUPPLEX® fabric - 87% nylon / 13% spandex Center front and top cup: 100% nylon , Imported , Hook and Eye closure , Hand Wash , Camisole strap design with adjustments in the back. , SUPPLEX® fabric gives you the look and feel of cotton with the benefits of advanced fiber technology . , Feels light and smooth on the body, yet provides comfortable lift and shaping . ,Clean tailored neckline .,Great under sweaters and t-shirts .,Hand wash warm and Wash colors separately .Use non-chlorine bleach only when needed. Hang to dry.Do not iron or dry clean.]","32C , 32D , 32DD , 34B , 34C , 34D , 34DD , 36B , 36C , 36D , 36DD , 38B , 38C , 38D , 38DD","32D , 32DD , 34B , 34C , 34D , 34DD , 36B , 36C , 36D , 36DD , 38B , 38C , 38D , 38DD",Black
Calvin Klein Women's Standard Radiant Cotton Bikini Panty,$12.00 ,$9.88 ,https://www.amazon.com/-/dp/B014UXSKRM?th=1&psc=1,Calvin-Klein,Panties,Amazon US,Metallic logo elastic trims these Calvin Klein Underwear bikini briefs. Lined gusset.,4.4,2,"[ Imported , Smooth elastic waistband , Repeating Calvin Klein logo , Moderate rear coverage , Soft stretch cotton ]","Small , Medium , Large","Small , Large",Trinity
Wacoal Women's Retro Chic Underwire Bra,$60.00 ,$60.00 ,https://www.amazon.com/-/dp/B004N3BC66?th=1&psc=1,Wacoal,Bras,Amazon US,Beautiful low plunge chantilly lace bra with superior support. |Beautiful low plunge chantilly lace bra,4.4,755,"[ 82% Nylon/ 18% Spandex/Elastane , Imported , Hand Wash , Full-coverage bra featuring lace cups with mesh yoke , Band and sides smooth and minimize bulge , Seamed cups for superior lift, shape, and support , Leotard back ]","30B , 30D , 32B , 32C , 32D , 32DD , 32DDD , 32G , 34C , 34D , 34DD , 34DDD , 34G , 34H , 34I , 36C , 36D , 36DD , 36DDD , 36G , 36H , 36I , 38C , 38D , 38DD , 38DDD , 38G , 38H , 38I , 40C , 40D , 40DD , 40DDD , 40G , 40H , 40I , 42D , 42DD , 42DDD , 42G , 42H , 44D , 44DD , 44DDD , 44G , 44H , 46D , 46DD , 46DDD , 46G , 46H , 48H","32D , 32DD , 32DDD , 34D , 34DD , 34DDD , 34G , 34H , 36C , 36D , 36DD , 36DDD , 36G , 38C , 38D , 38DD , 38DDD , 38G , 38H , 40C , 40D , 40DD , 40DDD , 40G , 40H , 42D , 42DD , 42DDD , 44H",Cappuccino
b.tempt'd by Wacoal Women's Ciao Bella Balconette Bra,$38.00 ,$38.00 ,https://www.amazon.com/-/dp/B00SHYL76W?th=1&psc=1,b-temptd,Bras,Amazon US,Balconette features corded lace overlay with a dramatic scallop neckline,4.3,376,"[ 86% Nylon/14% Spandex , Imported , Hand Wash , Balconette bra featuring corded-lace overlay with sheer contrast bow accent and scalloped trim , Adjustable double rouleau-front straps , Hook-and-eye closure at back , Fishnet wings ]","30C , 30D , 30DD , 30DDD , 32B , 32C , 32D , 32DD , 32DDD , 34B , 34C , 34D , 34DD , 34DDD , 36B , 36C , 36D , 36DD , 36DDD , 38B , 38C , 38D , 38DD","30C , 30D , 32B , 32C , 32D , 32DD , 34B , 34C , 34D , 34DD , 34DDD , 36B , 36C , 36D , 36DD , 36DDD , 38D",Liberty/Gold
Wacoal Women's Bodysuede Underwire Bra,$60.00 ,$60.00 ,https://www.amazon.com/-/dp/B0012H9A38?th=1&psc=1,Wacoal,Bras,Amazon US,"Bodysuede Full Figure Seamless Bra offers stretch seamless with microdenier hand. Details include double cup support, hidden foam sling for uplift, shaping and support. Seamless, smooth and comfortable! Full figure seamless underwire with a hidden inner sling for great support! Wide padded straps relieve shoulder strain. Colors: Ivory, Black, French Nude. Sizes: C 34-40; D, DD, DDD 32-40. |Bodysuede Full Figure Seamless Bra offers stretch seamless with microdenier hand. Details include double cup support, hidden foam sling for uplift, shaping and support.",4.4,377,"[ Lining: 100% Nylon; Body: 86% Nylon, 14% Spandex Elastane Center , Supportive bra with double cup support featuring hidden foam sling for uplift and padded-foam adjustable straps^Hook-and-eye back closure ]","32D , 32DD , 32DDD , 34C , 34D , 34DD , 34DDD , 36C , 36D , 36DD , 36DDD , 38C , 38D , 38DD , 38DDD , 40C , 40D , 40DD , 40DDD , 42C , 42D , 42DD , 42DDD , 44C , 44D , 44DD , 44DDD","32DD , 32DDD , 34C , 34D , 34DD , 34DDD , 36C , 36D , 36DD , 36DDD , 38C , 38D , 38DD , 38DDD , 40C , 40D , 40DD , 40DDD , 42C , 42D , 42DD , 42DDD , 44C , 44D , 44DD , 44DDD",Black
Wacoal Women's Halo Underwire Bra,$48.00 ,$48.00 ,https://www.amazon.com/-/dp/B01GTNWO28?th=1&psc=1,Wacoal,Bras,Amazon US,Beautiful all over cross-dye soft lace cups and wings.,4.4,395,"[ 82% Nylon, 18% Spandex , Imported , Hand Wash , Lace underwire bra featuring adjustable convertible straps that can be worn over shoulders or as racerback , Strap width increases with larger cup size , Inner support sling for DDD and G cup sizes , J-hook on back strap allows for racerback option , Hook-and-eye closure at back ]","32C , 32D , 32DD , 32DDD , 32G , 34B , 34C , 34D , 34DD , 34DDD , 34G , 36B , 36C , 36D , 36DD , 36DDD , 36G , 38B , 38C , 38D , 38DD , 38DDD , 40C , 40D , 40DD , 40DDD","32C , 32D , 34B , 34C , 34DD , 36C , 36DD , 38C , 38D , 38DD",Bachelor Button
Wacoal Women's Embrace Lace Bra,$50.00 ,$35.00 ,https://www.amazon.com/-/dp/B01D5ZRAC2?th=1&psc=1,Wacoal,Bras,Amazon US,Embrace Lace Fashion Wire,4.3,410,"[ 48% polyester/41% nylon/11% lycra spandex , Imported , Hook and Eye closure , Hand Wash , Semi-sheer contour bra featuring floral-lace overlay with scalloped edging and underwire support , Adjustable shoulder straps , Hook-and-eye back closure ]","32B , 32C , 32D , 32DD , 32DDD , 34B , 34C , 34D , 34DD , 34DDD , 36B , 36C , 36D , 36DD , 36DDD , 38B , 38C , 38D , 38DD , 38DDD , 40D , 40DD","32C , 32DD , 32DDD , 34C , 34D , 34DD , 34DDD , 36C , 36D , 36DD , 38C , 38D , 38DD , 40D , 40DD",Tango Red/Coral Blush
Calvin Klein Women's Naked Glamour Strapless Push Up Bra,$42.00 ,$29.99 ,https://www.amazon.com/-/dp/B0068NSHWG?th=1&psc=1,Calvin-Klein,Bras,Amazon US,This essential naked glamour push up strapless bra features luxurious smooth cups for an effortlessly glamorous look.,3.8,194,"[ 67% Nylon, 33% Spandex , Imported , Hook and Eye closure , Machine Wash , Strapless push-up bra with sweetheart cut , Adjustable and removable straps , Interior grip lining at seams for fit ,Hook-and-eye back closure,Small logo plaque at center front]","30B , 30C , 30D , 30DD , 32A , 32B , 32C , 32D , 32DD , 34A , 34B , 34C , 34D , 34DD , 36A , 36B , 36C , 36D , 36DD , 38B , 38C","30C , 30D , 30DD , 32A , 32B , 32C , 32D , 32DD , 34A , 34B , 34C , 34D , 34DD , 36A , 36C , 36D , 36DD , 38B , 38C",Black
Wacoal Womens Basic Beauty Contour T-Shirt Bra,$54.77 ,$54.77 ,https://www.amazon.com/-/dp/B01D941NYA?th=1&psc=1,Wacoal,Bras,Amazon US,"Basic beauty contour spacer will offer great support in a breathable, soft, lightweight fabrication |Basic beauty contour spacer will offer great support in a breathable, soft, lightweight fabrication",4.2,584,"[ 85% Polyester, 15% Spandex , Imported , Hook and Eye closure , Hand Wash , Full-coverage t-shirt bra featuring scalloped trim with ribbon applique at center , Built-up camisole strap with stretch back release , Kicked in back for non-slip straps , C, D, DD cups have 3 hooks and eyes, DDD and G cups have 4 hooks and eyes ]","30D , 30DD , 30DDD , 32C , 32D , 32DD , 32DDD , 32G , 34C , 34D , 34DD , 34DDD , 34G , 36C , 36D , 36DD , 36DDD , 36G , 38C , 38D , 38DD , 38DDD , 38G , 40C , 40D , 40DD , 40DDD , 40G , 42D , 42DD , 42DDD , 44D , 44DD , 44DDD","32D , 32DDD , 34D , 34DD , 36C , 36D , 36DD , 36DDD , 36G , 38C , 38DD , 42D",Wine Berry
Wacoal Women's Embrace Lace Bikini Panty,$27.00 ,$27.00 ,https://www.amazon.com/-/dp/B01MY1GHZM?th=1&psc=1,Wacoal,Panties,Amazon US,Embrace lace bikini offers great fit and matches coordinating pieces in the collection |Embrace Lace Bikini,4.3,94,"[ 82% Nylon, 18% Spandex , Imported , Pull On closure , Hand Wash , Scalloped detailing around waistband , 100 percent cotton panel lining ]","Small , Medium , Large , X-Large","Small , Large , X-Large",Medium
Calvin Klein Women's Sheer Marquisette Demi Unlined Bra,$36.00 ,$26.19 ,https://www.amazon.com/-/dp/B01N6T2RZP?th=1&psc=1,Calvin-Klein,Bras,Amazon US,"An unlined demi cup bra featuring sheer, sexy fabrication and bold, contrasting edging with repeating Calvin Klein logo.",4.5,60,"[ 72% Nylon, 28% Elastane , Imported , Hand Wash , New super soft light weight sheer fabrication , Unlined demi cup , Sheer cup , Ultra light ABD breathable spacer cup technology ]","30B , 30C , 30D , 30DD , 32A , 32B , 32C , 32D , 32DD , 34A , 34B , 34C , 34D , 34DD , 36A , 36B , 36C , 36D , 36DD , 38B , 38C , 38D","30C , 30D , 30DD , 32A , 32B , 32C , 32D , 32DD , 34A , 34B , 34C , 34D , 34DD , 36A , 36B , 36C , 36D , 36DD , 38B , 38C , 38D",Nympth's Thigh
Wacoal Womens Basic Beauty Contour T-Shirt Bra,$55.00 ,$55.00 ,https://www.amazon.com/-/dp/B01G34NMLU?th=1&psc=1,Wacoal,Bras,Amazon US,"Basic beauty contour spacer will offer great support in a breathable, soft, lightweight fabrication |Basic beauty contour spacer will offer great support in a breathable, soft, lightweight fabrication",4.2,601,"[ 85% Polyester, 15% Spandex , Imported , Hand Wash , Full-coverage t-shirt bra featuring scalloped trim with ribbon applique at center , Built-up camisole strap with stretch back release , Kicked in back for non-slip straps , C, D, DD cups have 3 hooks and eyes, DDD and G cups have 4 hooks and eyes ]","30D , 30DD , 30DDD , 32C , 32D , 32DD , 32DDD , 32G , 34C , 34D , 34DD , 34DDD , 34G , 36C , 36D , 36DD , 36DDD , 36G , 38C , 38D , 38DD , 38DDD , 38G , 40C , 40D , 40DD , 40DDD , 40G , 42D , 42DD , 42DDD , 44D , 44DD , 44DDD","32DD , 34C , 38D , 38DD , 40C , 40D , 40DD , 42D",Lavender Frost
Calvin Klein Women's Everyday Lightly Lined Demi Bra,$38.00 ,$38.00 ,https://www.amazon.com/-/dp/B015Q0B0CK?th=1&psc=1,Calvin-Klein,Bras,Amazon US,"This signature, modern t-shirt bra features soft demi cups and adjustable straps with contrasting piping.",3.8,31,"[ 70.5% Nylon, 29.5% Elastane , Imported , Hook and Eye closure , Hand Wash , Lace detail at center front , Hook and eye closure , Micro fabrication ,Calvin Klein logo along left band trim,Adjustable straps]","30B , 30C , 30D , 30DD , 32A , 32B , 32C , 32D , 32DD , 34A , 34B , 34C , 34D , 34DD , 36A , 36B , 36C , 36D , 36DD , 38B , 38C , 38D , 38DD","32A , 32B , 32C , 32D , 32DD , 34A , 34B , 34C , 34D , 34DD , 36A , 36C , 36D , 36DD , 38B , 38C , 38D",Fresh Taupe
Calvin Klein Women's Bottoms Up Bikini Panty,$8.00 ,$8.00 ,https://www.amazon.com/-/dp/B016OEH7NI?th=1&psc=1,Calvin-Klein,Panties,Amazon US,"The bottoms up bikini features color prints, a refined lace trim, and a thin waistband for comfort and shape retention.",4.3,122,"[ Size: Large , Color: Hidden Geo Red , Nylon-Elastane , Imported ]","Small , Medium , Large , X-Large",Small,Large
Calvin Klein Women's ID Wide Waistband Unlined Triangle Cotton Bralette,$32.00 ,$19.01 ,https://www.amazon.com/-/dp/B01N5RG0YP?th=1&psc=1,Calvin-Klein,Bras,Amazon US,This modern triangle bra features unlined cotton cups and ultra thin straps with a large elastic waistband with repeating Calvin Klein logo.,3.8,69,"[ 92% Cotton, 8% Elastane , Imported , Hand Wash , Comfortable cotton blend , Pull on triangle , New logo identification , Can be worn conventional, cross back, and halter , Ultra thin straps with a large elastic waistband ]","X-Small , Small , Medium , Large , X-Large","X-Small , Small , Medium , Large",Pale Dawn
Wacoal Women's Body By Wacoal Underwire Bra,$46.00 ,$46.00 ,https://www.amazon.com/-/dp/B01MZ0IR6S?th=1&psc=1,Wacoal,Bras,Amazon US,Body by wacoal seamless underwire is sleek and modern,4.4,291,"[ Body: 87% Nylon, 13% Lycra Spandex , Imported , Hand Wash , Feels light and smooth on the body, yet provides comfortable lift and shaping , Clean tailored neckline , Great under sweaters and t-shirts ]","32C , 32D , 32DD , 34B , 34C , 34D , 34DD , 36B , 36C , 36D , 36DD , 38B , 38C , 38D , 38DD","32C , 32D , 32DD , 34B , 34C , 34D , 34DD , 36B , 36C , 36DD , 38B , 38C",Campanula
Calvin Klein Women's Sheer Marquisette Demi Unlined Bra,$36.00 ,$27.00 ,https://www.amazon.com/-/dp/B01N4Q5UYM?th=1&psc=1,Calvin-Klein,Bras,Amazon US,"An unlined demi cup bra featuring sheer, sexy fabrication and bold, contrasting edging with repeating Calvin Klein logo.",4.6,61,"[ 72% Nylon, 28% Elastane , Imported , Hand Wash , New super soft light weight sheer fabrication , Unlined demi cup , Sheer cup , Ultra light ABD breathable spacer cup technology ]","30B , 30C , 30D , 30DD , 32A , 32B , 32C , 32D , 32DD , 34A , 34B , 34C , 34D , 34DD , 36A , 36B , 36C , 36D , 36DD , 38B , 38C , 38D","30B , 30C , 30D , 30DD , 32A , 32B , 32C , 32D , 32DD , 34A , 34B , 34C , 34D , 34DD , 36A , 36C , 36D , 36DD , 38B , 38C , 38D",Bare
Wacoal Women's Retro Chic Underwire Bra,$69.99 ,$69.99 ,https://www.amazon.com/-/dp/B00921OBQ2?th=1&psc=1,Wacoal,Bras,Amazon US,Beautiful low plunge chantilly lace bra with superior support. |Beautiful low plunge chantilly lace bra,4.4,754,"[ 82% Nylon/ 18% Spandex/Elastane , Imported , Hand Wash , Full-coverage bra featuring lace cups with mesh yoke , Band and sides smooth and minimize bulge , Seamed cups for superior lift, shape, and support , Leotard back ]","30B , 30D , 32B , 32C , 32D , 32DD , 32DDD , 32G , 34C , 34D , 34DD , 34DDD , 34G , 34H , 34I , 36C , 36D , 36DD , 36DDD , 36G , 36H , 36I , 38C , 38D , 38DD , 38DDD , 38G , 38H , 38I , 40C , 40D , 40DD , 40DDD , 40G , 40H , 40I , 42D , 42DD , 42DDD , 42G , 42H , 44D , 44DD , 44DDD , 44G , 44H , 46D , 46DD , 46DDD , 46G , 46H , 48H","30B , 32C , 32D , 32DD , 32DDD , 32G , 34C , 34D , 34DD , 34DDD , 34G , 34H , 36C , 36D , 36DD , 36DDD , 36G , 36H , 36I , 38C , 38D , 38DD , 38DDD , 38G , 38H , 40C , 40D , 40DD , 40DDD , 40G , 40H , 40I , 42D , 42DD , 42DDD , 42G , 42H , 44D , 44DD , 44DDD , 44G , 44H , 46D , 46DD , 46DDD , 46G , 46H",Toast
b.tempt'd by Wacoal Women's Ciao Bella Balconette Bra,$38.00 ,$38.00 ,https://www.amazon.com/-/dp/B015O76DM2?th=1&psc=1,b-temptd,Bras,Amazon US,Balconette features corded lace overlay with a dramatic scallop neckline,4.3,377,"[ 86% Nylon/14% Spandex , Imported , Hook and Eye closure , Hand Wash , Balconette bra featuring corded-lace overlay with sheer contrast bow accent and scalloped trim , Adjustable double rouleau-front straps , Hook-and-eye closure at back , Fishnet wings ]","30C , 30D , 30DD , 30DDD , 32B , 32C , 32D , 32DD , 32DDD , 34B , 34C , 34D , 34DD , 34DDD , 36B , 36C , 36D , 36DD , 36DDD , 38B , 38C , 38D , 38DD","30C , 30D , 30DD , 30DDD , 32B , 32C , 32D , 32DD , 34B , 34C , 34D , 34DD , 34DDD , 36B , 36C , 36D , 36DD , 36DDD , 38B , 38C , 38D , 38DD",Peacoat
Wacoal Women's Red Carpet Strapless Bra,$65.00 ,$65.00 ,https://www.amazon.com/-/dp/B004QQZMCA?th=1&psc=1,Wacoal,Bras,Amazon US,"Red Carpet full figure strapless fits great, supportive and stays in place",4.4,832,"[ 91% Nylon, 9% Spandex , Imported , Hook and Eye closure , Hand Wash , 2"" high , 9"" wide , Strapless bra with contoured cups featuring sweetheart neckline and removable straps ,Converts to halter, crisscross, and one shoulder styles,Great choice for full busted and full figured women,Silicone along the neckline holds the bra in place,Hook-and-eye closure at back]","30D , 30DD , 30DDD , 30G , 32C , 32D , 32DD , 32DDD , 32G , 32H , 34C , 34D , 34DD , 34DDD , 34G , 34H , 36C , 36D , 36DD , 36DDD , 36G , 36H , 38C , 38D , 38DD , 38DDD , 38G , 38H , 40C , 40D , 40DD , 40DDD , 40G , 42D , 42DD , 42DDD","30D , 30DD , 30DDD , 30G , 32C , 32D , 32DD , 32DDD , 32G , 32H , 34C , 34D , 34DD , 34DDD , 34G , 34H , 36C , 36D , 36DD , 36DDD , 36G , 36H , 38C , 38D , 38DDD , 38G , 38H , 40C , 40D , 40DD , 40DDD , 40G , 42D , 42DD , 42DDD",Black
Calvin Klein Women's Seductive Comfort Lift Strapless Multiway Bra,$44.00 ,$39.60 ,https://www.amazon.com/-/dp/B019NU1TMK?th=1&psc=1,Calvin-Klein,Bras,Amazon US,This strapless multiway bra features seamless customized lift push up cups and sensual lace wings with supportive silicone elastic inside.,4.1,16,"[ 78.5% Nylon, 21.5% Elastane , Imported , Hook and Eye closure , Hand Wash , Customized lift cups , Smooth cups stay invisible under strapless necklines , Removable multi-way straps , Can be worn strapless, regular, cross back or one shoulder ]","30C , 30D , 30DD , 32A , 32B , 32C , 32D , 32DD , 34A , 34B , 34C , 34D , 34DD , 36A , 36B , 36C , 36D , 36DD , 38A , 38B , 38C , 38D , 38DD","30D , 30DD , 32A , 32B , 32C , 32D , 32DD , 34A , 34B , 34C , 34D , 34DD , 36A , 36B , 36C , 36D , 36DD , 38B , 38DD",Bare
Wacoal Women's Slimline Seamless Minimizer Bra,$65.00 ,$65.00 ,https://www.amazon.com/-/dp/B000T38190?th=1&psc=1,Wacoal,Bras,Amazon US,Seamless underwire minimizer bra gives great support and lift |This Minimizer was designed for function and comfort. Perfect for the full figure woman that wants full coverage. Details include placed nosegay embroidery in satin stitching with plush rigid straps detailed with satin picot.,4.3,308,"[ Cups: 100% Polyester; Back: 71% Nylon, 29% Spandex , Imported , Seamless underwire minimizer bra designed for full figure featuring V-neckline and adjustable straps with scalloped trim , Full coverage cups with decorative embroidery ]","32DD , 32DDD , 34C , 34D , 34DD , 34DDD , 36C , 36D , 36DD , 36DDD , 38C , 38D , 38DD , 38DDD , 40C , 40D , 40DD , 40DDD","32DD , 32DDD , 34C , 34DD , 34DDD , 36C , 36D , 36DD , 36DDD , 38C , 38D , 38DD , 38DDD , 40C , 40D , 40DD , 40DDD",Naturally Nude
Wacoal Women's Awareness Underwire Bra,$65.00 ,$55.25 ,https://www.amazon.com/-/dp/B0012H97WC?th=1&psc=1,Wacoal,Bras,Amazon US,"Awareness full figure underwire bra with beautiful, smooth jacquard lily fabric",4.4,1145,"[ 80% Nylon/20% Spandex , Imported , Hook and Eye closure , Hand Wash , 2.1"" high , 6.2"" wide , Bra featuring full molded cups with underwire encased between inner and outer cups ,Adjustable straps,Hook-and-eye closure]","32D , 32DD , 32DDD , 32G , 34C , 34D , 34DD , 34DDD , 34G , 34H , 34I , 36C , 36D , 36DD , 36DDD , 36G , 36H , 36I , 38C , 38D , 38DD , 38DDD , 38G , 38H , 38I , 40C , 40D , 40DD , 40DDD , 40G , 40H , 40I , 42C , 42D , 42DD , 42DDD , 42G , 42H , 44C , 44D , 44DD , 44DDD , 44G , 44H","32D , 32DD , 32DDD , 32G , 34C , 34D , 34DD , 34DDD , 34G , 34H , 34I , 36D , 36DD , 36DDD , 36G , 36H , 36I , 38C , 38D , 38DD , 38DDD , 38G , 38H , 38I , 40C , 40D , 40DD , 40DDD , 40G , 40H , 40I , 42C , 42D , 42DD , 42DDD , 42G , 42H , 44C , 44D , 44DD , 44DDD , 44G , 44H",Black
Wacoal Women's Embrace Lace Bra,$50.00 ,$50.00 ,https://www.amazon.com/-/dp/B015YTKDNA?th=1&psc=1,Wacoal,Bras,Amazon US,Embrace Lace Fashion Wire,4.3,408,"[ 48% polyester/41% nylon/11% lycra spandex , Imported , Hook and Eye closure , Hand Wash , Semi-sheer contour bra featuring floral-lace overlay with scalloped edging and underwire support , Adjustable shoulder straps , Hook-and-eye back closure ]","32B , 32C , 32D , 32DD , 32DDD , 34B , 34C , 34D , 34DD , 34DDD , 36B , 36C , 36D , 36DD , 36DDD , 38B , 38C , 38D , 38DD , 38DDD , 40D , 40DD","32C , 32D , 32DD , 32DDD , 34C , 34D , 34DD , 36C , 36D , 36DD , 38C , 38D , 38DD , 40D",Mahogany Rose
Hanky Panky Women's Bare Godiva Thong Panty,$25.00 ,$25.00 ,https://www.amazon.com/-/dp/B00BLGS6QM?th=1&psc=1,Hanky-Panky,Panties,Amazon US," These innovative styles have contours that keep them in place, curing concern of shifting or riding up, while maintaining a sleek, barely-there look beneath clothing. They're made from a unique second-skin microfiber knit from Italy that is ultra-lightweight and smooth, disappearing under the clingiest fashions without sacrificing the signature fit, quality and comfort of your favorite Hanky Panky pieces.",4.2,32,"[ Nylon , Imported , Dry Flat , 72% nylon/28% lycra spandex , Hand wash ]","Small , Medium , Large","Small , Large",Medium
Calvin Klein Women's Seductive Comfort Lift Strapless Multiway Bra,$44.00 ,$39.60 ,https://www.amazon.com/-/dp/B019NU22Z8?th=1&psc=1,Calvin-Klein,Bras,Amazon US,This strapless multiway bra features seamless customized lift push up cups and sensual lace wings with supportive silicone elastic inside.,3.9,12,"[ 78.5% Nylon, 21.5% Elastane , Imported , Hook and Eye closure , Hand Wash , Customized lift cups , Smooth cups stay invisible under strapless necklines , Removable multi-way straps , Can be worn strapless, regular, cross back or one shoulder ]","30C , 30D , 30DD , 32A , 32B , 32C , 32D , 32DD , 34A , 34B , 34C , 34D , 34DD , 36A , 36B , 36C , 36D , 36DD , 38A , 38B , 38C , 38D , 38DD","30C , 30D , 30DD , 32A , 32B , 32C , 32D , 32DD , 34A , 34B , 34C , 34D , 34DD , 36A , 36B , 36C , 36D , 38A , 38B , 38C , 38D , 38DD",Bare
Wacoal Women's Full Figure Basic Beauty Underwire Bra,$50.00 ,$32.57 ,https://www.amazon.com/-/dp/B015WZTW6A?th=1&psc=1,Wacoal,Bras,Amazon US,Seamless molded two-ply cups with inner sling for smooth support,4.2,957,"[ 85% Nylon/15% Spandex , Imported , Hand Wash , Full-coverage bra with built-in camisole strap with stretch back release , Cups with hidden inner sling for shape and support , Band and sides smooth and minimize bulge , Hook-and-eye closure ]","32D , 32DD , 32DDD , 32G , 34C , 34D , 34DD , 34DDD , 34G , 34H , 36C , 36D , 36DD , 36DDD , 36G , 36H , 38C , 38D , 38DD , 38DDD , 38G , 38H , 40C , 40D , 40DD , 40DDD , 40G , 40H , 42C , 42D , 42DD , 42DDD , 42G , 42H , 44C , 44D , 44DD , 44DDD , 44G , 44H",34DD,Porcelain Rose
Wacoal Women's Halo Underwire Bra,$48.00 ,$48.00 ,https://www.amazon.com/-/dp/B00JRSQ8BQ?th=1&psc=1,Wacoal,Bras,Amazon US,Beautiful all over cross-dye soft lace cups and wings.,4.4,381,"[ 82% Nylon, 18% Spandex , Imported , Hook and Eye closure , Hand Wash , Lace underwire bra featuring adjustable convertible straps that can be worn over shoulders or as racerback , Strap width increases with larger cup size , Inner support sling for DDD and G cup sizes ,J-hook on back strap allows for racerback option,Hook-and-eye closure at back]","32C , 32D , 32DD , 32DDD , 32G , 34B , 34C , 34D , 34DD , 34DDD , 34G , 36B , 36C , 36D , 36DD , 36DDD , 36G , 38B , 38C , 38D , 38DD , 38DDD , 40C , 40D , 40DD , 40DDD","32C , 32D , 32DD , 32DDD , 32G , 34B , 34C , 34D , 34DD , 34DDD , 34G , 36B , 36C , 36D , 36DD , 36DDD , 36G , 38B , 38C , 38DD , 38DDD , 40C , 40D , 40DD , 40DDD",Black
Wacoal Women's Retro Chic Underwire Bra,$48.00 ,$48.00 ,https://www.amazon.com/-/dp/B01B4GCAIS?th=1&psc=1,Wacoal,Bras,Amazon US,Beautiful low plunge chantilly lace bra with superior support. |Beautiful low plunge chantilly lace bra,4.4,755,"[ Lace: 100% Nylon; Back: 82% Nylon, 18% Spandex , Imported , Hook and Eye closure , Hand Wash , Delicate sheer window at top of cup gives a pared down look , Stretch satin strap with back adjustment , Leotard back ]","30B , 30D , 32B , 32C , 32D , 32DD , 32DDD , 32G , 34C , 34D , 34DD , 34DDD , 34G , 34H , 34I , 36C , 36D , 36DD , 36DDD , 36G , 36H , 36I , 38C , 38D , 38DD , 38DDD , 38G , 38H , 38I , 40C , 40D , 40DD , 40DDD , 40G , 40H , 40I , 42D , 42DD , 42DDD , 42G , 42H , 44D , 44DD , 44DDD , 44G , 44H , 46D , 46DD , 46DDD , 46G , 46H , 48H","32D , 32DD , 32DDD , 34C , 34D , 34DD , 34DDD , 34G , 36C , 36D , 36DD , 36DDD , 38C , 38D , 38DD , 38DDD , 40DD , 40DDD , 42D , 44DD",Raspberry
Calvin Klein Women's 4 Pack Stretch Lace Bikini Panty,$28.01 ,$28.01 ,https://www.amazon.com/-/dp/B01BCX9KMM?th=1&psc=1,Calvin-Klein,Panties,Amazon US,A 4 pack bikini in a beautiful all over lace design,4.1,58,"[ 88% Nylon, 12% Elastane , Imported , Machine Wash , Elastic waistband for comfort , Cotton gusset ]","Small , Medium , Large","Small , Medium",Large
Calvin Klein Women's Perfectly Fit Lightly Lined Memory Touch T-Shirt Bra,$46.00 ,$34.50 ,https://www.amazon.com/-/dp/B00JR4ME7C?th=1&psc=1,Calvin-Klein,Bras,Amazon US,This full coverage bra features lightly lined cups with Memory Touch for ultimate comfort and a perfect fit. |T-shirt bra,4.3,466,"[ 71% Nylon, 29% Spandex , Imported , Hook and Eye closure , Hand Wash , Memory touch technology T-shirt bra , Voted ""The Best T-shirt Bra"" from New York Magazine! , Calvin Klein logo on left wing ,Molds quickly to the shape of the body,Double layer bonded wings for invisibility and soft support]","30C , 30D , 30DD , 32A , 32B , 32C , 32D , 32DD , 32DDD , 34A , 34B , 34C , 34D , 34DD , 34DDD , 36A , 36B , 36C , 36D , 36DD , 36DDD , 38B , 38C , 38D , 38DD","30C , 30D , 30DD , 32A , 32B , 32C , 32D , 32DDD , 34A , 34B , 34C , 34D , 34DD , 34DDD , 36A , 36B , 36C , 36D , 36DD , 36DDD , 38B , 38C , 38D , 38DD",Black
Wacoal Women's Red Carpet Strapless Bra,$65.00 ,$65.00 ,https://www.amazon.com/-/dp/B004QR58N2?th=1&psc=1,Wacoal,Bras,Amazon US,"Red Carpet full figure strapless fits great, supportive and stays in place",4.4,808,"[ 91% Nylon, 9% Spandex , Imported , Hook and Eye closure , Hand Wash , 2"" high , 9"" wide , Strapless bra with contoured cups featuring sweetheart neckline and removable straps ,Converts to halter, crisscross, and one shoulder styles,Great choice for full busted and full figured women,Silicone along the neckline holds the bra in place,Hook-and-eye closure at back]","30D , 30DD , 30DDD , 30G , 32C , 32D , 32DD , 32DDD , 32G , 32H , 34C , 34D , 34DD , 34DDD , 34G , 34H , 36C , 36D , 36DD , 36DDD , 36G , 36H , 38C , 38D , 38DD , 38DDD , 38G , 38H , 40C , 40D , 40DD , 40DDD , 40G , 42D , 42DD , 42DDD","30D , 30DD , 30DDD , 30G , 32C , 32D , 32DD , 32DDD , 32G , 32H , 34C , 34D , 34DD , 34DDD , 34G , 34H , 36C , 36D , 36DD , 36DDD , 36G , 36H , 38C , 38D , 38DD , 38DDD , 38G , 38H , 40C , 40DD , 40DDD , 40G , 42D , 42DD , 42DDD",Black
Calvin Klein Women's ID Tanga Wide Waistband Cotton Panty,$22.00 ,$16.97 ,https://www.amazon.com/-/dp/B01N9SRXKY?th=1&psc=1,Calvin-Klein,Panties,Amazon US,Updated tanga underwear featuring classic cotton styling and a large elastic waistband with repeating iconic Calvin Klein logo,4.3,14,"[ 92% Cotton, 8% Elastane , Imported , Hand Wash , Cheeky silhouette , New logo identification , Repeating Calvin Klein logo ]","X-Small , Small , Medium , Large , X-Large","X-Small , Small , Medium , X-Large",Pale Dawn
Wacoal Women's Retro Chic Underwire Bra,$60.00 ,$60.00 ,https://www.amazon.com/-/dp/B002R9URJ6?th=1&psc=1,Wacoal,Bras,Amazon US,Beautiful low plunge chantilly lace bra with superior support. |Beautiful low plunge chantilly lace bra,4.4,755,"[ 82% Nylon/ 18% Spandex/Elastane , Imported , Hook and Eye closure , Hand Wash , Full-coverage bra featuring lace cups with mesh yoke , Band and sides smooth and minimize bulge , Seamed cups for superior lift, shape, and support , Leotard back ]","30B , 30D , 32B , 32C , 32D , 32DD , 32DDD , 32G , 34C , 34D , 34DD , 34DDD , 34G , 34H , 34I , 36C , 36D , 36DD , 36DDD , 36G , 36H , 36I , 38C , 38D , 38DD , 38DDD , 38G , 38H , 38I , 40C , 40D , 40DD , 40DDD , 40G , 40H , 40I , 42D , 42DD , 42DDD , 42G , 42H , 44D , 44DD , 44DDD , 44G , 44H , 46D , 46DD , 46DDD , 46G , 46H , 48H","30D , 32B , 32D , 32DD , 32DDD , 32G , 34C , 34D , 34DD , 34DDD , 34G , 34H , 34I , 36C , 36D , 36DD , 36DDD , 36G , 36H , 36I , 38C , 38D , 38DD , 38DDD , 38G , 38H , 38I , 40C , 40D , 40DD , 40DDD , 40G , 40H , 40I , 42D , 42DD , 42G , 42H , 44D , 44DD , 44DDD , 44G , 44H , 46D , 46DD , 46DDD , 46G , 48H",Black
Calvin Klein Women's Ombre 5 Pack Thong,$59.99 ,$59.99 ,https://www.amazon.com/-/dp/B071S9N7GH?th=1&psc=1,Calvin-Klein,Panties,Amazon US,An ombre thong featuring linear lace galloon fabrication with graphic eyelet picot elastic trim.,5,1,"[ 83% Nylon, 17% Elastane , Imported , No Closure closure , Hand Wash , Minimal coverage thong , Linear eyelet lace galloon , Eyelet picot elastic at waistband , Dip dye ombre color ]","Small , Medium , Large",Large,Small
Wacoal Women's How Perfect Soft Cup Bra,$60.00 ,$60.00 ,https://www.amazon.com/-/dp/B00H8ENHOW?th=1&psc=1,Wacoal,Bras,Amazon US,How Perfect Soft Cup is super soft and comfortable.,4.2,158,"[ 81% Nylon, 19% Spandex , Imported , Hook and Eye closure , Hand Wash , Clean tailored finishes at neckline and underarm , Adjustable stretch back strap , Smooth leotard back ]","30B , 30C , 30D , 30DD , 30DDD , 32B , 32C , 32D , 32DD , 32DDD , 34A , 34B , 34C , 34D , 34DD , 34DDD , 36A , 36B , 36C , 36D , 36DD , 38B , 38C , 38D , 40B","30B , 30C , 30D , 30DD , 30DDD , 32B , 32C , 32D , 32DD , 32DDD , 34A , 34C , 34D , 34DD , 34DDD , 36A , 36B , 36C , 36D , 36DD , 38B , 38C , 38D , 40B",Natural Nude
Wacoal Womens Basic Beauty Contour T-Shirt Bra,$55.00 ,$55.00 ,https://www.amazon.com/-/dp/B00UX8IBMS?th=1&psc=1,Wacoal,Bras,Amazon US,"Basic beauty contour spacer will offer great support in a breathable, soft, lightweight fabrication |Basic beauty contour spacer will offer great support in a breathable, soft, lightweight fabrication",4.2,601,"[ 85% Polyester, 15% Spandex , Imported , Hand Wash , Full-coverage t-shirt bra featuring scalloped trim with ribbon applique at center , Built-up camisole strap with stretch back release , Kicked in back for non-slip straps , C, D, DD cups have 3 hooks and eyes, DDD and G cups have 4 hooks and eyes , underwire ]","30D , 30DD , 30DDD , 32C , 32D , 32DD , 32DDD , 32G , 34C , 34D , 34DD , 34DDD , 34G , 36C , 36D , 36DD , 36DDD , 36G , 38C , 38D , 38DD , 38DDD , 38G , 40C , 40D , 40DD , 40DDD , 40G , 42D , 42DD , 42DDD , 44D , 44DD , 44DDD","30D , 30DD , 30DDD , 32C , 32D , 32DD , 32DDD , 32G , 34C , 34D , 34DD , 34DDD , 34G , 36C , 36D , 36DD , 36DDD , 36G , 38D , 38DD , 38DDD , 38G , 40C , 40D , 40DD , 40DDD , 40G , 42D , 42DD , 42DDD , 44D , 44DD , 44DDD",White
Wacoal Women's Underwire Sport Bra,$65.00 ,$42.90 ,https://www.amazon.com/-/dp/B003M8KO4Y?th=1&psc=1,Wacoal,Bras,Amazon US,"Sport bra offers great control, support and comfort for workouts or as your everyday bra |Wacoal Underwire Sport Bra",4.3,1879,"[ 80% Nylon/ 20% Spandex/Elastane , Hand wash only non-chlorine bleach when needed. wash colored cloth separately, hang to dry, do not iron, do not dry clean. , Maximum Support for high impact activities.Great choice for full busted and full figured women , Two-ply fabric cups and floating underwire frame keep breast motion to a minimum , Outside underwire frame and shoulder strap adjustment designed to minimize chaffing , Moisture-wicking athletic bra featuring triple hook-and-eye closure on back , Inner sling for extra support in G and H cup sizes ]","32C , 32D , 32DD , 32DDD , 32G , 32H , 34C , 34D , 34DD , 34DDD , 34G , 34H , 36C , 36D , 36DD , 36DDD , 36G , 36H , 38C , 38D , 38DD , 38DDD , 38G , 38H , 40C , 40D , 40DD , 40DDD , 40G , 40H , 42D , 42DD , 42DDD","32C , 32D , 32DD , 32DDD , 32G , 32H , 34C , 34D , 34DD , 34DDD , 34G , 34H , 36C , 36D , 36DD , 36DDD , 36G , 36H , 38C , 38D , 38DD , 38DDD , 38G , 38H , 40C , 40D , 40DD , 40DDD , 40H , 42D , 42DD , 42DDD",Black
Wacoal Women's Retro Chic Underwire Bra,$60.00 ,$60.00 ,https://www.amazon.com/-/dp/B007JTYROU?th=1&psc=1,Wacoal,Bras,Amazon US,Beautiful low plunge chantilly lace bra with superior support. |Beautiful low plunge chantilly lace bra,4.4,768,"[ 82% Nylon/ 18% Spandex/Elastane , Hand Wash , Full-coverage bra featuring lace cups with mesh yoke , Band and sides smooth and minimize bulge , Seamed cups for superior lift, shape, and support , Leotard back ]","30B , 30D , 32B , 32C , 32D , 32DD , 32DDD , 32G , 34C , 34D , 34DD , 34DDD , 34G , 34H , 34I , 36C , 36D , 36DD , 36DDD , 36G , 36H , 36I , 38C , 38D , 38DD , 38DDD , 38G , 38H , 38I , 40C , 40D , 40DD , 40DDD , 40G , 40H , 40I , 42D , 42DD , 42DDD , 42G , 42H , 44D , 44DD , 44DDD , 44G , 44H , 46D , 46DD , 46DDD , 46G , 46H , 48H","32D , 32DD , 32DDD , 34C , 34D , 34DD , 34DDD , 34G , 36C , 36D , 36DDD , 36G , 36H , 38C , 38D , 38DD , 38DDD , 38G , 38H , 40C , 40D , 40DD , 40DDD , 40G , 40H , 42D , 42DD , 42DDD",Ivory
Wacoal Women's Retro Chic Underwire Bra,$60.00 ,$54.60 ,https://www.amazon.com/-/dp/B01NAL618S?th=1&psc=1,Wacoal,Bras,Amazon US,Beautiful low plunge chantilly lace bra with superior support. |Beautiful low plunge chantilly lace bra,4.4,753,"[ Lace: 100% Nylon; Back: 82% Nylon, 18% Spandex , Imported , Hand Wash , Delicate sheer window at top of cup gives a pared down look , Stretch satin strap with back adjustment , Leotard back ]","30B , 30D , 32B , 32C , 32D , 32DD , 32DDD , 32G , 34C , 34D , 34DD , 34DDD , 34G , 34H , 34I , 36C , 36D , 36DD , 36DDD , 36G , 36H , 36I , 38C , 38D , 38DD , 38DDD , 38G , 38H , 38I , 40C , 40D , 40DD , 40DDD , 40G , 40H , 40I , 42D , 42DD , 42DDD , 42G , 42H , 44D , 44DD , 44DDD , 44G , 44H , 46D , 46DD , 46DDD , 46G , 46H , 48H","32DD , 34D , 34DD , 36DD , 36H , 38D , 38G , 40C",Blue/Turquoise
Wacoal Womens Basic Beauty Contour T-Shirt Bra,$55.00 ,$55.00 ,https://www.amazon.com/-/dp/B01D941BNI?th=1&psc=1,Wacoal,Bras,Amazon US,"Basic beauty contour spacer will offer great support in a breathable, soft, lightweight fabrication |Basic beauty contour spacer will offer great support in a breathable, soft, lightweight fabrication",4.2,601,"[ 85% Polyester, 15% Spandex , Imported , Hook and Eye closure , Hand Wash , Full-coverage t-shirt bra featuring scalloped trim with ribbon applique at center , Built-up camisole strap with stretch back release , Kicked in back for non-slip straps , C, D, DD cups have 3 hooks and eyes, DDD and G cups have 4 hooks and eyes ]","30D , 30DD , 30DDD , 32C , 32D , 32DD , 32DDD , 32G , 34C , 34D , 34DD , 34DDD , 34G , 36C , 36D , 36DD , 36DDD , 36G , 38C , 38D , 38DD , 38DDD , 38G , 40C , 40D , 40DD , 40DDD , 40G , 42D , 42DD , 42DDD , 44D , 44DD , 44DDD","32C , 32D , 32DD , 32DDD , 32G , 34C , 34D , 34DD , 34DDD , 34G , 36C , 36D , 36DD , 36DDD , 36G , 38C , 38D , 38DD , 38DDD , 38G , 40C , 40D , 40DD , 40DDD , 42D",Deep Taupe
Wacoal Womens Basic Beauty Contour T-Shirt Bra,$55.00 ,$55.00 ,https://www.amazon.com/-/dp/B00JRPJ6J0?th=1&psc=1,Wacoal,Bras,Amazon US,"Basic beauty contour spacer will offer great support in a breathable, soft, lightweight fabrication |Basic beauty contour spacer will offer great support in a breathable, soft, lightweight fabrication",4.2,585,"[ Nylon/Stretch Blend , Imported , Hook and Eye closure , Featured in naturally nude , Style #: 853192 , Seamless underwire T-shirt bra , Breathable, soft, lightweight stretch micro space fabric in contour cups , Full coverage cups with inner mesh slings ]","30D , 30DD , 30DDD , 32C , 32D , 32DD , 32DDD , 32G , 34C , 34D , 34DD , 34DDD , 34G , 36C , 36D , 36DD , 36DDD , 36G , 38C , 38D , 38DD , 38DDD , 38G , 40C , 40D , 40DD , 40DDD , 40G , 42D , 42DD , 42DDD , 44D , 44DD , 44DDD","30D , 30DD , 30DDD , 32C , 32D , 32DD , 32DDD , 32G , 34C , 34D , 34DD , 34DDD , 34G , 36C , 36D , 36DD , 36DDD , 36G , 38C , 38D , 38DD , 38DDD , 38G , 40C , 40D , 40DD , 40DDD , 42D , 42DD , 42DDD , 44D , 44DD , 44DDD",Black
Calvin Klein Women's Perfectly Fit Lightly Lined Memory Touch T-Shirt Bra,$46.00 ,$41.40 ,https://www.amazon.com/-/dp/B00JR4MU12?th=1&psc=1,Calvin-Klein,Bras,Amazon US,This full coverage bra features lightly lined cups with Memory Touch for ultimate comfort and a perfect fit. |T-shirt bra,4.3,473,"[ 71% Nylon, 29% Spandex , Imported , Hook and Eye closure , Hand Wash , Memory touch technology T-shirt bra , Voted ""The Best T-shirt Bra"" from New York Magazine! , Calvin Klein logo on left wing ,Molds quickly to the shape of the body,Double layer bonded wings for invisibility and soft support]","30B , 30C , 30D , 30DD , 32A , 32B , 32C , 32D , 32DD , 32DDD , 34A , 34B , 34C , 34D , 34DD , 34DDD , 36A , 36B , 36C , 36D , 36DD , 36DDD , 38B , 38C , 38D , 38DD","30C , 30D , 30DD , 32A , 32B , 32C , 32D , 32DD , 34A , 34B , 34C , 34D , 34DD , 34DDD , 36A , 36B , 36C , 36D , 36DD , 36DDD , 38B , 38C , 38D , 38DD",Black
Calvin Klein Women's Modern Cotton Bikini,$20.00 ,$11.36 ,https://www.amazon.com/-/dp/B00GBD2IL4?th=1&psc=1,Calvin-Klein,Panties,Amazon US,A Calvin Klein modern cotton bikini in soft cotton for breathable comfort and a comfortable waistband featuring the iconic Calvin Klein logo.,4.7,530,"[ 53% Cotton, 35% Modal, 12% Elastane , Imported , Machine Wash , Cotton blend bikini , Repeating Calvin Klein logo waistband , Cotton gusset , Soft and comfortable cotton bikini ]","X-Small , Small , Medium , Large , X-Large","X-Small , Small , Medium , X-Large",White
Wacoal Women's Sport Contour Bra,$68.00 ,$47.40 ,https://www.amazon.com/-/dp/B01G34PYYI?th=1&psc=1,Wacoal,Bras,Amazon US,Sport bra with stretch cool plus cups wicks away moisture,4.2,247,"[ Body: 80% Nylon, 20% Spandex , Imported , Hand Wash , Contoured sport bra featuring high-performance fabrication inserts at straps, center front, and back panel , Stretch cool plus moisture-wicking cups , Adjustable back straps , Three hook-and-eye closure at back ]","32C , 32D , 32DD , 32DDD , 32G , 34C , 34D , 34DD , 34DDD , 34G , 36C , 36D , 36DD , 36DDD , 36G , 38C , 38D , 38DD , 38DDD , 38G","32C , 32D , 32DD , 34C , 34D , 34DDD , 34G , 36C , 36D , 36DD , 36DDD , 38C , 38D , 38DD , 38DDD",Frost Gray/Teaberry
b.tempt'd by Wacoal Women's Ciao Bella Balconette Bra,$38.00 ,$21.89 ,https://www.amazon.com/-/dp/B00V9RTVTO?th=1&psc=1,b-temptd,Bras,Amazon US,Balconette features corded lace overlay with a dramatic scallop neckline,4.3,377,"[ 86% Nylon/14% Spandex , Imported , Hand Wash , Balconette bra featuring corded-lace overlay with sheer contrast bow accent and scalloped trim , Adjustable double rouleau-front straps , Hook-and-eye closure at back , Fishnet wings ]","30C , 30D , 30DD , 30DDD , 32B , 32C , 32D , 32DD , 32DDD , 34B , 34C , 34D , 34DD , 34DDD , 36B , 36C , 36D , 36DD , 36DDD , 38B , 38C , 38D , 38DD","30DD , 32B , 32C , 34C , 34D , 34DD , 36B , 36C , 36D , 38B , 38C",Dazzling Blue
Wacoal Women's Sport Contour Bra,$65.96 ,$65.96 ,https://www.amazon.com/-/dp/B00K2Q220I?th=1&psc=1,Wacoal,Bras,Amazon US,Sport bra with stretch cool plus cups wicks away moisture,4.2,247,"[ 80% Nylon, 20% Spandex , Imported , Hook and Eye closure , Hand Wash , Contoured sport bra featuring high-performance fabrication inserts at straps, center front, and back panel , Stretch cool plus moisture-wicking cups , Adjustable back straps , Three hook-and-eye closure at back ]","32C , 32D , 32DD , 32DDD , 32G , 34C , 34D , 34DD , 34DDD , 34G , 36C , 36D , 36DD , 36DDD , 36G , 38C , 38D , 38DD , 38DDD , 38G","32C , 32DD , 32DDD , 32G , 34C , 34D , 34DD , 34DDD , 34G , 36C , 36D , 36DD , 36DDD , 36G , 38C , 38D , 38DD , 38DDD , 38G",Naturally Nude
Wacoal Women's Bodysuede Underwire Bra,$60.00 ,$60.00 ,https://www.amazon.com/-/dp/B000T30R6U?th=1&psc=1,Wacoal,Bras,Amazon US,"Bodysuede Full Figure Seamless Bra offers stretch seamless with microdenier hand. Details include double cup support, hidden foam sling for uplift, shaping and support. Seamless, smooth and comfortable! Full figure seamless underwire with a hidden inner sling for great support! Wide padded straps relieve shoulder strain. Colors: Ivory, Black, French Nude. Sizes: C 34-40; D, DD, DDD 32-40. |Bodysuede Full Figure Seamless Bra offers stretch seamless with microdenier hand. Details include double cup support, hidden foam sling for uplift, shaping and support.",4.3,378,"[ Lining: 100% Nylon; Body: 86% Nylon, 14% Spandex Elastane Center , Supportive bra with double cup support featuring hidden foam sling for uplift and padded-foam adjustable straps^Hook-and-eye back closure ]","32D , 32DD , 32DDD , 34C , 34D , 34DD , 34DDD , 36C , 36D , 36DD , 36DDD , 38C , 38D , 38DD , 38DDD , 40C , 40D , 40DD , 40DDD , 42C , 42D , 42DD , 42DDD , 44C , 44D , 44DD , 44DDD","34D , 34DD , 34DDD , 36C , 36D , 36DD , 36DDD , 38C , 38D , 38DD , 38DDD , 40C , 40D , 40DD , 40DDD , 42C , 42D , 42DD , 42DDD , 44C , 44D , 44DD , 44DDD",Ivory
Wacoal Women's Halo Strapless Bra,$46.00 ,$46.00 ,https://www.amazon.com/-/dp/B015T8KRHS?th=1&psc=1,Wacoal,Bras,Amazon US,Fashionable halo molded lace strapless bandeau underwire bra for day or evening wear,4.2,169,"[ 82% Nylon, 18% Spandex , Imported , Hook and Eye closure , Hand Wash , Strapless lace underwire bra and Smooth, flat, brushed lace , Silicone along neckline keeps the bra in place , Separate fully adjustable straps ]","32B , 32C , 32D , 32DD , 32DDD , 34B , 34C , 34D , 34DD , 34DDD , 36B , 36C , 36D , 36DD , 36DDD , 38B , 38C , 38D , 38DD , 38DDD","32B , 32C , 32D , 32DD , 32DDD , 34B , 34C , 34D , 34DD , 34DDD , 36B , 36C , 36DD , 36DDD , 38B , 38C , 38D , 38DD , 38DDD",Naturally Nude
