start_date,end_date,category,start,stop,miles,purpose
01-01-2016 21:11,01-01-2016 21:17,Business,Fort Pierce,Fort Pierce,5.1,Meal/Entertain
01-02-2016 1:25,02-01-2016 1:37,Business,Fort Pierce,Fort Pierce,5,
01-02-2016 20:25,02-01-2016 20:38,Business,Fort Pierce,Fort Pierce,4.8,Errand/Supplies
01-05-2016 17:31,05-01-2016 17:45,Business,Fort Pierce,Fort Pierce,4.7,Meeting
01-06-2016 14:42,06-01-2016 15:49,Business,Fort Pierce,West Palm Beach,63.7,Customer Visit
01-06-2016 17:15,06-01-2016 17:19,Business,West Palm Beach,West Palm Beach,4.3,Meal/Entertain
01-06-2016 17:30,06-01-2016 17:35,Business,West Palm Beach,Palm Beach,7.1,Meeting
01-07-2016 13:27,07-01-2016 13:33,Business,Cary,Cary,0.8,Meeting
01-10-2016 8:05,10-01-2016 8:25,Business,Cary,Morrisville,8.3,Meeting
01-10-2016 12:17,10-01-2016 12:44,Business,Jamaica,New York,16.5,Customer Visit
01-10-2016 15:08,10-01-2016 15:51,Business,New York,Queens,10.8,Meeting
01-10-2016 18:18,10-01-2016 18:53,Business,Elmhurst,New York,7.5,Meeting
01-10-2016 19:12,10-01-2016 19:32,Business,Midtown,East Harlem,6.2,Meeting
01-11-2016 8:55,11-01-2016 9:21,Business,East Harlem,NoMad,6.4,Temporary Site
01-11-2016 11:56,11-01-2016 12:03,Business,Flatiron District,Midtown,1.6,Errand/Supplies
01-11-2016 13:32,11-01-2016 13:46,Business,Midtown,Midtown East,1.7,Meal/Entertain
01-11-2016 14:30,11-01-2016 14:43,Business,Midtown East,Midtown,1.9,Meal/Entertain
01-12-2016 12:33,12-01-2016 12:49,Business,Midtown,Hudson Square,1.9,Meal/Entertain
01-12-2016 12:53,12-01-2016 13:09,Business,Hudson Square,Lower Manhattan,4,Meal/Entertain
01-12-2016 14:42,12-01-2016 14:56,Business,Lower Manhattan,Hudson Square,1.8,Errand/Supplies
01-12-2016 15:13,12-01-2016 15:28,Business,Hudson Square,Hell's Kitchen,2.4,Customer Visit
01-12-2016 15:42,12-01-2016 15:54,Business,Hell's Kitchen,Midtown,2,Errand/Supplies
01-12-2016 16:02,12-01-2016 17:00,Business,New York,Queens County,15.1,Meeting
1/13/16 13:54,13-01-2016 14:07,Business,Downtown,Gulfton,11.2,Meeting
1/13/16 15:00,13-01-2016 15:28,Business,Gulfton,Downtown,11.8,Meeting
1/14/16 16:29,14-01-2016 17:05,Business,Houston,Houston,21.9,Customer Visit
1/14/16 21:39,14-01-2016 21:45,Business,Eagan Park,Jamestown Court,3.9,Errand/Supplies
1/15/16 0:41,15-01-2016 1:01,Business,Morrisville,Cary,8,Errand/Supplies
1/15/16 11:43,15-01-2016 12:03,Business,Cary,Durham,10.4,Meal/Entertain
1/15/16 13:26,15-01-2016 13:44,Business,Durham,Cary,10.4,Meal/Entertain
1/18/16 14:55,18-01-2016 15:06,Business,Cary,Cary,4.8,Meal/Entertain
1/18/16 16:13,18-01-2016 16:24,Business,Farmington Woods,Whitebridge,4.7,Meal/Entertain
1/19/16 9:09,19-01-2016 9:23,Business,Whitebridge,Lake Wellingborough,7.2,
1/19/16 10:55,19-01-2016 11:09,Business,Lake Wellingborough,Whitebridge,7.6,Temporary Site
1/20/16 10:36,20-01-2016 11:11,Business,Cary,Raleigh,17.1,Meeting
1/20/16 11:48,20-01-2016 12:19,Business,Fayetteville Street,Umstead,15.1,Meeting
1/20/16 13:25,20-01-2016 14:19,Business,Raleigh,Cary,40.2,Customer Visit
1/21/16 14:25,21-01-2016 14:29,Business,Cary,Cary,1.6,Errand/Supplies
1/21/16 14:43,21-01-2016 14:51,Business,Cary,Cary,2.4,Meal/Entertain
1/21/16 16:01,21-01-2016 16:06,Business,Cary,Cary,1,Meal/Entertain
1/26/16 10:41,26-01-2016 10:50,Business,Whitebridge,Hazelwood,2,Meal/Entertain
1/26/16 12:33,26-01-2016 12:41,Business,Hazelwood,Whitebridge,2.3,Errand/Supplies
1/26/16 16:24,26-01-2016 16:32,Business,Whitebridge,Westpark Place,1.9,Errand/Supplies
1/26/16 17:17,26-01-2016 17:22,Business,Cary,Cary,1.4,Errand/Supplies
1/26/16 17:27,26-01-2016 17:29,Business,Cary,Cary,0.5,Errand/Supplies
1/27/16 9:24,27-01-2016 9:31,Business,Cary,Cary,1.8,Meeting
1/27/16 10:19,27-01-2016 10:48,Business,Cary,Raleigh,18.7,Customer Visit
1/27/16 12:34,27-01-2016 12:44,Business,Fairmont,Meredith Townes,3.4,Customer Visit
1/27/16 14:05,27-01-2016 14:13,Business,Raleigh,Raleigh,2.7,Customer Visit
1/27/16 14:46,27-01-2016 15:08,Business,Raleigh,Cary,12.9,Customer Visit
1/28/16 12:28,28-01-2016 13:00,Business,Cary,Raleigh,19,Temporary Site
1/28/16 15:11,28-01-2016 15:31,Business,Meredith Townes,Leesville Hollow,14.7,Meeting
1/28/16 16:21,28-01-2016 16:51,Business,Raleigh,Cary,15.7,Meeting
1/29/16 9:31,29-01-2016 9:45,Business,Cary,Cary,4.6,Customer Visit
1/29/16 10:56,29-01-2016 11:07,Business,Cary,Cary,5.2,Meeting
1/29/16 11:43,29-01-2016 12:03,Business,Cary,Durham,10.4,Meeting
1/29/16 13:24,29-01-2016 13:47,Business,Durham,Cary,10.1,Meeting
1/29/16 18:31,29-01-2016 18:52,Business,Cary,Apex,5.8,Errand/Supplies
1/29/16 21:21,29-01-2016 21:40,Business,Apex,Cary,5.5,Meal/Entertain
1/30/16 16:21,30-01-2016 16:33,Business,Cary,Apex,5.7,Errand/Supplies
1/30/16 18:09,30-01-2016 18:24,Business,Apex,Cary,5.7,Customer Visit
02-01-2016 10:35,01-02-2016 11:15,Business,Cary,Chapel Hill,19.4,Customer Visit
02-01-2016 12:10,01-02-2016 12:43,Business,Chapel Hill,Cary,23.3,Customer Visit
02-01-2016 12:56,01-02-2016 13:07,Business,Northwoods,Whitebridge,3.9,Meal/Entertain
02-02-2016 13:04,02-02-2016 13:23,Business,Whitebridge,Williamsburg Manor,8.3,Meeting
02-02-2016 13:51,02-02-2016 14:06,Business,Cary,Cary,6,Errand/Supplies
02-02-2016 14:38,02-02-2016 14:42,Business,Cary,Cary,1.6,Errand/Supplies
02-04-2016 8:40,04-02-2016 9:01,Business,Cary,Morrisville,5.2,Errand/Supplies
02-04-2016 9:37,04-02-2016 10:09,Business,Morrisville,Cary,9.7,Meal/Entertain
02-04-2016 10:26,04-02-2016 10:32,Business,Cary,Cary,1.6,Meal/Entertain
02-04-2016 15:59,04-02-2016 16:03,Business,Cary,Cary,1.1,Meal/Entertain
02-04-2016 16:35,04-02-2016 16:39,Business,Cary,Cary,1.6,Meal/Entertain
02-04-2016 18:04,04-02-2016 18:31,Business,Whitebridge,Macgregor Downs,9,Meeting
02-04-2016 20:36,04-02-2016 20:55,Business,Cary,Cary,7.7,Meeting
02-05-2016 11:47,05-02-2016 12:07,Business,Cary,Durham,10.4,Meeting
02-05-2016 13:22,05-02-2016 13:41,Business,Durham,Cary,10.4,Meeting
02-06-2016 16:20,06-02-2016 16:53,Business,Cary,Raleigh,11.4,Between Offices
02-06-2016 18:57,06-02-2016 19:21,Business,Raleigh,Cary,9,Errand/Supplies
02-06-2016 19:28,06-02-2016 19:37,Business,Edgehill Farms,Whitebridge,3.2,Meal/Entertain
02-07-2016 16:49,07-02-2016 17:01,Business,Cary,Apex,5.6,Errand/Supplies
02-07-2016 18:03,07-02-2016 18:17,Business,Apex,Cary,5.7,Customer Visit
02-07-2016 18:39,07-02-2016 18:53,Business,Cary,Morrisville,6.1,Temporary Site
02-07-2016 20:22,07-02-2016 20:40,Business,Morrisville,Cary,6.1,Meeting
02-08-2016 12:57,08-02-2016 13:08,Business,Whitebridge,Edgehill Farms,4.3,Meal/Entertain
02-08-2016 14:00,08-02-2016 14:10,Business,Edgehill Farms,Whitebridge,2.7,Meal/Entertain
02-09-2016 10:54,09-02-2016 11:07,Personal,Whitebridge,Northwoods,5.3,
02-09-2016 11:43,09-02-2016 11:50,Personal,Northwoods,Tanglewood,3,
02-09-2016 13:36,09-02-2016 13:52,Personal,Tanglewood,Preston,5.1,
02-09-2016 13:58,09-02-2016 14:02,Personal,Preston,Whitebridge,1.5,
02-09-2016 18:55,09-02-2016 19:11,Business,Cary,Morrisville,6.1,
02-09-2016 20:24,09-02-2016 20:40,Business,Morrisville,Cary,6.1,Meal/Entertain
02-11-2016 16:28,11-02-2016 17:10,Business,Cary,Raleigh,17.3,Meal/Entertain
02-11-2016 17:49,11-02-2016 18:10,Business,Eastgate,Walnut Terrace,5.7,Meal/Entertain
02-11-2016 18:24,11-02-2016 18:46,Business,Raleigh,Morrisville,13.5,Temporary Site
02-11-2016 20:36,11-02-2016 20:51,Business,Morrisville,Cary,6.1,Temporary Site
02-12-2016 8:21,12-02-2016 8:42,Business,Cary,Durham,8.5,Temporary Site
02-12-2016 10:45,12-02-2016 10:52,Business,Durham,Morrisville,2.6,Temporary Site
02-12-2016 11:14,12-02-2016 11:35,Business,Morrisville,Raleigh,17,Customer Visit
02-12-2016 13:02,12-02-2016 13:36,Business,Raleigh,Cary,18,Meeting
02-12-2016 14:49,12-02-2016 15:06,Business,Cary,Morrisville,8.4,Meeting
02-12-2016 15:33,12-02-2016 16:06,Business,Morrisville,Cary,11.5,Customer Visit
2/13/16 14:21,13-02-2016 14:41,Business,Cary,Morrisville,8.9,Meeting
2/13/16 23:45,14-02-2016 0:01,Personal,East Elmhurst,Jackson Heights,2.7,
2/14/16 0:50,14-02-2016 1:00,Personal,Jackson Heights,East Elmhurst,1.8,
2/14/16 14:07,14-02-2016 14:40,Business,East Elmhurst,New York,8.1,Meeting
2/14/16 14:46,14-02-2016 15:03,Business,Midtown,Midtown West,2,Meeting
2/14/16 16:35,14-02-2016 17:02,Business,New York,Long Island City,13,Meeting
2/14/16 17:06,14-02-2016 17:29,Business,Long Island City,Jamaica,13.9,Meeting
2/16/16 3:21,16-02-2016 4:13,Business,Katunayaka,Unknown Location,43.7,Customer Visit
2/16/16 8:29,16-02-2016 9:34,Business,Unknown Location,Colombo,14.1,
2/16/16 10:31,16-02-2016 10:41,Business,Colombo,Colombo,2.6,
2/16/16 11:32,16-02-2016 12:02,Business,Colombo,Colombo,4.5,
2/16/16 12:39,16-02-2016 12:42,Business,Colombo,Colombo,1.7,
2/16/16 13:43,16-02-2016 13:55,Business,Colombo,Colombo,1.8,Temporary Site
2/16/16 16:34,16-02-2016 17:10,Business,Colombo,Colombo,6,
2/16/16 17:17,16-02-2016 17:26,Business,Colombo,Nugegoda,1.1,Meal/Entertain
2/16/16 17:40,16-02-2016 17:44,Business,Nugegoda,Unknown Location,3.6,Errand/Supplies
2/17/16 13:18,17-02-2016 14:04,Business,Unknown Location,Colombo,14.7,Temporary Site
2/17/16 15:17,17-02-2016 15:22,Business,Colombo,Colombo,1.7,Meal/Entertain
2/17/16 15:33,17-02-2016 16:17,Business,Colombo,Katunayaka,21.4,Temporary Site
2/17/16 16:38,17-02-2016 16:43,Business,Katunayaka,Katunayaka,0.5,Errand/Supplies
2/18/16 8:19,18-02-2016 8:27,Business,Unknown Location,Unknown Location,23.5,Temporary Site
2/18/16 14:03,18-02-2016 14:45,Business,Unknown Location,Islamabad,12.7,Temporary Site
2/18/16 15:16,18-02-2016 15:31,Business,Islamabad,Unknown Location,6,Temporary Site
2/18/16 18:44,18-02-2016 18:58,Business,Unknown Location,Islamabad,5.2,Customer Visit
2/18/16 19:27,18-02-2016 20:08,Business,Islamabad,Unknown Location,10,Meeting
2/19/16 9:02,19-02-2016 9:14,Business,Unknown Location,Unknown Location,18.3,Meeting
2/19/16 9:21,19-02-2016 9:51,Business,Unknown Location,Unknown Location,11.2,Meeting
2/19/16 10:21,19-02-2016 10:48,Business,Unknown Location,Islamabad,7.6,Meeting
2/19/16 11:20,19-02-2016 11:26,Personal,Islamabad,Islamabad,1.5,
2/19/16 11:45,19-02-2016 11:50,Personal,Islamabad,Islamabad,1,
2/19/16 12:09,19-02-2016 12:27,Business,Islamabad,Unknown Location,7.3,Temporary Site
2/19/16 16:26,19-02-2016 16:45,Business,Unknown Location,Islamabad,3.5,
2/19/16 17:09,19-02-2016 17:20,Business,Islamabad,Islamabad,4.2,
2/19/16 20:08,19-02-2016 20:30,Personal,Islamabad,Unknown Location,13.6,
2/19/16 20:34,19-02-2016 20:51,Personal,Unknown Location,Unknown Location,2.5,
2/20/16 7:59,20-02-2016 8:32,Personal,Unknown Location,Islamabad,14.4,
2/20/16 10:48,20-02-2016 10:56,Personal,Islamabad,Islamabad,3,
2/20/16 11:45,20-02-2016 11:53,Personal,Islamabad,Islamabad,1.5,
2/20/16 12:41,20-02-2016 13:17,Business,Islamabad,R?walpindi,18.4,
2/20/16 14:50,20-02-2016 15:54,Business,R?walpindi,R?walpindi,23.1,Meeting
2/20/16 16:59,20-02-2016 17:54,Personal,R?walpindi,Unknown Location,16.5,
2/20/16 18:00,20-02-2016 18:03,Business,Unknown Location,Unknown Location,3.2,Errand/Supplies
2/20/16 19:28,20-02-2016 19:49,Business,Unknown Location,Unknown Location,7.7,Errand/Supplies
2/21/16 9:07,21-02-2016 9:46,Business,Unknown Location,Islamabad,14.5,
2/21/16 11:39,21-02-2016 11:43,Business,Unknown Location,Islamabad,2.4,Errand/Supplies
2/21/16 11:47,21-02-2016 12:01,Business,Islamabad,Islamabad,4.6,Errand/Supplies
2/21/16 12:13,21-02-2016 12:35,Business,Islamabad,Unknown Location,8.8,Meal/Entertain
2/21/16 12:51,21-02-2016 13:12,Business,Unknown Location,Unknown Location,8.3,Temporary Site
2/21/16 13:33,21-02-2016 14:30,Business,Unknown Location,Unknown Location,22.7,Temporary Site
2/21/16 14:36,21-02-2016 15:03,Business,Unknown Location,Islamabad,13,Temporary Site
2/21/16 15:14,21-02-2016 15:31,Business,Islamabad,Noorpur Shahan,8.1,Temporary Site
2/21/16 15:36,21-02-2016 15:41,Business,Noorpur Shahan,Unknown Location,2.2,Meal/Entertain
2/21/16 16:04,21-02-2016 16:32,Business,Unknown Location,Unknown Location,9.7,
2/21/16 23:15,21-02-2016 23:52,Business,Unknown Location,R?walpindi,20,Meeting
2/22/16 21:54,22-02-2016 22:09,Business,Morrisville,Cary,8.1,Customer Visit
2/24/16 14:30,24-02-2016 14:35,Business,Whitebridge,Preston,1.5,
2/24/16 15:19,24-02-2016 15:25,Business,Preston,Whitebridge,1.7,Errand/Supplies
2/25/16 16:27,25-02-2016 16:35,Business,Whitebridge,Heritage Pines,3.1,Errand/Supplies
2/25/16 16:47,25-02-2016 17:02,Business,Heritage Pines,Whitebridge,3.2,Errand/Supplies
2/25/16 17:16,25-02-2016 17:36,Business,Whitebridge,Tanglewood,6,Meal/Entertain
2/25/16 18:22,25-02-2016 18:39,Business,Tanglewood,Whitebridge,5.8,Meal/Entertain
2/26/16 9:06,26-02-2016 9:29,Business,Whitebridge,Westpark Place,6.3,
2/26/16 11:05,26-02-2016 11:11,Personal,Westpark Place,Whitebridge,1.7,
2/26/16 11:35,26-02-2016 11:59,Business,Cary,Durham,10.6,Meeting
2/26/16 13:01,26-02-2016 13:24,Business,Durham,Cary,9.9,Meeting
2/26/16 14:38,26-02-2016 14:46,Personal,Whitebridge,Westpark Place,1.9,
2/26/16 15:00,26-02-2016 15:18,Personal,Westpark Place,Hazelwood,4.2,
2/26/16 17:01,26-02-2016 17:12,Personal,Hazelwood,Whitebridge,2,
2/28/16 5:22,28-02-2016 5:38,Business,Whitebridge,Waverly Place,7.7,Meeting
2/28/16 9:26,28-02-2016 9:42,Business,Waverly Place,Whitebridge,6.8,Meeting
2/29/16 11:07,29-02-2016 11:14,Personal,Whitebridge,Westpark Place,2.1,
2/29/16 11:30,29-02-2016 11:40,Business,Cary,Apex,3.8,Meeting
2/29/16 12:36,29-02-2016 12:48,Business,Apex,Cary,5.6,Meeting
2/29/16 14:55,29-02-2016 15:03,Business,Whitebridge,Hazelwood,2.6,
2/29/16 16:40,29-02-2016 17:00,Business,Hazelwood,Whitebridge,6.6,Customer Visit
03-01-2016 18:47,01-03-2016 19:10,Business,Whitebridge,Wayne Ridge,8,Meal/Entertain
03-01-2016 21:27,01-03-2016 21:45,Business,Wayne Ridge,Whitebridge,8,Meeting
03-03-2016 9:45,03-03-2016 9:52,Personal,Whitebridge,Westpark Place,2.2,
03-03-2016 11:04,03-03-2016 11:10,Business,Westpark Place,Whitebridge,2.3,Errand/Supplies
03-03-2016 14:44,03-03-2016 14:58,Business,Whitebridge,Northwoods,5.2,Meal/Entertain
03-03-2016 15:27,03-03-2016 15:48,Business,Cary,Raleigh,7.6,Customer Visit
03-03-2016 16:02,03-03-2016 16:42,Business,Raleigh,Cary,17.3,Meeting
03-04-2016 7:47,04-03-2016 8:06,Business,Cary,Durham,9.9,Meeting
03-04-2016 9:46,04-03-2016 10:03,Business,Durham,Cary,9.9,Customer Visit
03-04-2016 11:46,04-03-2016 12:06,Business,Cary,Durham,10.4,Meeting
03-04-2016 13:03,04-03-2016 13:25,Business,Durham,Cary,10.9,Meeting
03-04-2016 13:40,04-03-2016 14:09,Business,Cary,Raleigh,15.7,Customer Visit
03-04-2016 15:56,04-03-2016 16:08,Business,Raleigh,Raleigh,4.9,Meal/Entertain
03-04-2016 16:16,04-03-2016 16:22,Business,Fayetteville Street,Depot Historic District,0.8,Errand/Supplies
03-04-2016 16:43,04-03-2016 17:12,Business,Raleigh,Cary,13.5,Meeting
03-04-2016 19:02,04-03-2016 19:08,Business,Cary,Morrisville,1.9,Temporary Site
03-04-2016 19:16,04-03-2016 19:25,Business,Morrisville,Cary,2,Meal/Entertain
03-05-2016 11:44,05-03-2016 11:59,Business,Cary,Morrisville,6.5,Meal/Entertain
03-05-2016 12:57,05-03-2016 13:12,Personal,Weston,Weston,4.2,
03-05-2016 14:08,05-03-2016 14:18,Personal,Morrisville,Cary,3.5,
03-05-2016 14:39,05-03-2016 15:01,Business,Whitebridge,Wayne Ridge,7.8,Meal/Entertain
03-05-2016 16:52,05-03-2016 17:13,Business,Cary,Morrisville,7.8,Meal/Entertain
03-05-2016 17:23,05-03-2016 17:34,Business,Morrisville,Cary,3.9,Meal/Entertain
03-07-2016 9:10,07-03-2016 9:20,Business,Whitebridge,Edgehill Farms,2.8,Errand/Supplies
03-07-2016 9:23,07-03-2016 9:47,Business,Cary,Raleigh,12.4,Customer Visit
03-07-2016 12:10,07-03-2016 12:26,Business,Fayetteville Street,Meredith Townes,5.9,Customer Visit
03-07-2016 13:57,07-03-2016 14:18,Business,Meredith Townes,Leesville Hollow,9.4,Meeting
03-07-2016 15:19,07-03-2016 15:45,Business,Raleigh,Cary,11.9,Between Offices
03-08-2016 14:38,08-03-2016 14:55,Business,Whitebridge,Waverly Place,7.2,Between Offices
03-08-2016 15:35,08-03-2016 16:00,Business,Waverly Place,Whitebridge,7.6,Meal/Entertain
03-08-2016 16:13,08-03-2016 16:25,Personal,Whitebridge,Whitebridge,1.6,
03-10-2016 3:36,10-03-2016 3:53,Business,Cary,Morrisville,8.4,Meeting
03-10-2016 10:08,10-03-2016 10:37,Business,East Austin,West University,12.8,Meeting
03-10-2016 14:39,10-03-2016 14:55,Business,West University,South Congress,2.3,
03-10-2016 16:18,10-03-2016 16:28,Business,South Congress,Arts District,1.6,
03-11-2016 9:47,11-03-2016 9:59,Business,The Drag,Congress Ave District,2,Meal/Entertain
03-11-2016 10:29,11-03-2016 10:36,Business,Congress Ave District,Downtown,0.8,
03-11-2016 11:57,11-03-2016 12:04,Business,Downtown,Red River District,1.2,
03-11-2016 13:43,11-03-2016 13:51,Business,Red River District,Downtown,1,
03-11-2016 19:21,11-03-2016 19:35,Business,South Congress,The Drag,2.1,
03-12-2016 9:13,12-03-2016 9:22,Business,The Drag,South Congress,2.2,
03-12-2016 18:27,12-03-2016 18:37,Personal,South Congress,The Drag,1.9,
3/13/16 9:07,13-03-2016 9:37,Business,The Drag,Convention Center District,5.7,Meal/Entertain
3/13/16 18:23,13-03-2016 18:43,Business,South Congress,North Austin,8.4,Meal/Entertain
3/13/16 20:07,13-03-2016 20:28,Business,Georgian Acres,The Drag,6.2,Meal/Entertain
3/13/16 20:39,13-03-2016 20:58,Business,The Drag,North Austin,10.5,Meal/Entertain
3/13/16 21:11,13-03-2016 21:23,Business,North Austin,Coxville,7.2,Meal/Entertain
3/13/16 22:19,13-03-2016 22:39,Business,Coxville,The Drag,12.5,
3/14/16 8:34,14-03-2016 8:49,Business,The Drag,South Congress,2,Errand/Supplies
3/14/16 18:39,14-03-2016 18:55,Business,South Congress,The Drag,2.7,
3/15/16 8:45,15-03-2016 8:57,Business,The Drag,Convention Center District,2,Meal/Entertain
3/15/16 20:48,15-03-2016 21:01,Business,Downtown,The Drag,2.8,Meal/Entertain
3/16/16 11:34,16-03-2016 11:45,Business,The Drag,Congress Ave District,1.7,Meal/Entertain
3/16/16 14:44,16-03-2016 14:55,Business,Convention Center District,West University,2,
3/16/16 18:43,16-03-2016 18:56,Business,West University,Congress Ave District,2.1,Meal/Entertain
3/17/16 0:33,17-03-2016 0:44,Personal,Downtown,The Drag,1.7,
3/17/16 12:52,17-03-2016 15:11,Business,Austin,Katy,136,Customer Visit
3/17/16 15:16,17-03-2016 15:58,Business,Katy,Houston,30.2,Meeting
3/17/16 17:20,17-03-2016 18:02,Business,Midtown,Alief,15.5,Meal/Entertain
3/17/16 18:47,17-03-2016 19:09,Personal,Houston,Houston,4.9,
3/17/16 20:57,17-03-2016 21:28,Personal,Houston,Houston,12.6,
3/17/16 21:48,17-03-2016 22:04,Personal,Sharpstown,Midtown,10.4,
3/18/16 7:15,18-03-2016 7:21,Business,Midtown,Midtown,1.1,Meal/Entertain
3/18/16 8:35,18-03-2016 8:43,Business,Midtown,Midtown,1.1,Meal/Entertain
3/18/16 18:24,18-03-2016 19:08,Business,Midtown,Sharpstown,13.2,Meeting
3/18/16 19:23,18-03-2016 19:29,Business,Sharpstown,Sharpstown,1,Errand/Supplies
3/18/16 21:01,18-03-2016 21:15,Business,Sharpstown,Midtown,9.2,Customer Visit
3/19/16 9:10,19-03-2016 9:25,Business,Midtown,Sharpstown,9.4,Meal/Entertain
3/19/16 12:50,19-03-2016 13:13,Business,Houston,Sugar Land,12,Customer Visit
3/19/16 14:01,19-03-2016 14:57,Business,Sugar Land,Houston,35.1,Customer Visit
3/19/16 15:34,19-03-2016 16:38,Business,Houston,Galveston,36.5,Meal/Entertain
3/19/16 17:17,19-03-2016 17:32,Business,Galveston,Port Bolivar,3.1,Meal/Entertain
3/19/16 17:37,19-03-2016 17:47,Business,Port Bolivar,Port Bolivar,2.1,Errand/Supplies
3/19/16 17:52,19-03-2016 18:00,Business,Port Bolivar,Port Bolivar,1.2,
3/19/16 18:53,19-03-2016 19:29,Business,Port Bolivar,Galveston,7.5,Meeting
3/19/16 19:33,19-03-2016 20:39,Business,Galveston,Houston,57,Customer Visit
3/20/16 7:37,20-03-2016 7:48,Business,Midtown,Washington Avenue,5.9,Meeting
3/20/16 11:42,20-03-2016 11:56,Business,Washington Avenue,Midtown,6.2,Meeting
3/20/16 17:08,20-03-2016 17:34,Business,Midtown,Sharpstown,10.4,
3/20/16 18:34,20-03-2016 18:40,Personal,Sharpstown,Briar Meadow,1.2,
3/20/16 18:45,20-03-2016 19:06,Business,Briar Meadow,Midtown,9.6,Customer Visit
3/21/16 10:21,21-03-2016 10:26,Personal,Midtown,Downtown,1,
3/21/16 16:05,21-03-2016 16:13,Business,Downtown,Midtown,0.9,Meal/Entertain
3/21/16 18:59,21-03-2016 19:15,Business,Midtown,Sharpstown,8.8,
3/21/16 20:18,21-03-2016 20:55,Business,Sharpstown,Midtown,25.6,Meal/Entertain
3/22/16 6:17,22-03-2016 6:43,Business,Midtown,Greater Greenspoint,23,Meal/Entertain
3/22/16 12:06,22-03-2016 12:24,Personal,Morrisville,Cary,8.1,
3/22/16 19:12,22-03-2016 19:25,Personal,Whitebridge,Whitebridge,1.4,
3/23/16 14:37,23-03-2016 14:42,Personal,Whitebridge,Preston,1.7,
3/23/16 14:53,23-03-2016 14:59,Personal,Preston,Whitebridge,1.6,
3/24/16 19:47,24-03-2016 19:54,Personal,Whitebridge,Westpark Place,2,
3/24/16 20:34,24-03-2016 20:40,Business,Westpark Place,Whitebridge,2.2,
3/25/16 13:24,25-03-2016 16:22,Business,Cary,Latta,144,Customer Visit
3/25/16 16:52,25-03-2016 22:22,Business,Latta,Jacksonville,310.3,Customer Visit
3/25/16 22:54,26-03-2016 1:39,Business,Jacksonville,Kissimmee,201,Meeting
3/26/16 14:05,26-03-2016 14:29,Personal,Couples Glen,Isles of Buena Vista,6.7,
3/26/16 15:19,26-03-2016 15:49,Personal,Kissimmee,Orlando,8.8,
3/26/16 16:26,26-03-2016 16:30,Personal,Lake Reams,Lake Reams,1.2,
3/27/16 0:31,27-03-2016 0:40,Business,Lake Reams,Lake Reams,2.1,Errand/Supplies
3/27/16 1:11,27-03-2016 1:23,Business,Orlando,Kissimmee,6.6,Meal/Entertain
3/27/16 15:31,27-03-2016 15:56,Business,Kissimmee,Orlando,6.1,Customer Visit
3/27/16 21:26,27-03-2016 21:41,Personal,Orlando,Orlando,6.9,
3/27/16 23:04,27-03-2016 23:18,Personal,Orlando,Kissimmee,7.3,
3/28/16 12:29,28-03-2016 12:42,Personal,Kissimmee,Orlando,3.6,
3/28/16 19:30,28-03-2016 20:23,Personal,Couples Glen,Vista East,27.2,
3/28/16 22:55,28-03-2016 23:26,Personal,Orlando,Kissimmee,25.7,
3/29/16 15:27,29-03-2016 16:11,Personal,Kissimmee,Orlando,13.6,
3/29/16 18:20,29-03-2016 18:39,Personal,Sand Lake Commons,Sky Lake,6.2,
3/29/16 20:29,29-03-2016 20:44,Personal,Sky Lake,Sand Lake Commons,6,
3/29/16 23:04,29-03-2016 23:21,Personal,Orlando,Kissimmee,13.8,
3/30/16 22:05,30-03-2016 22:55,Business,Orlando,Kissimmee,28.8,Meal/Entertain
3/31/16 12:47,31-03-2016 13:22,Business,Kissimmee,Orlando,16.1,Temporary Site
3/31/16 14:37,31-03-2016 15:09,Business,Orlando,Kissimmee,16.4,Meal/Entertain
04-01-2016 13:43,01-04-2016 14:01,Business,Kissimmee,Kissimmee,11,Meeting
04-01-2016 14:36,01-04-2016 15:24,Business,Kissimmee,Orlando,15.5,Customer Visit
04-01-2016 16:01,01-04-2016 16:49,Business,Orlando,Kissimmee,20.3,Meeting
04-01-2016 16:52,01-04-2016 16:57,Personal,Kissimmee,Kissimmee,0.7,
04-02-2016 8:48,02-04-2016 9:04,Personal,Kissimmee,Kissimmee,5.5,
04-02-2016 11:01,02-04-2016 11:16,Personal,Kissimmee,Kissimmee,5.1,
04-02-2016 12:21,02-04-2016 14:47,Business,Kissimmee,Daytona Beach,77.3,Customer Visit
04-02-2016 16:57,02-04-2016 18:09,Business,Daytona Beach,Jacksonville,80.5,Customer Visit
04-02-2016 19:38,02-04-2016 22:36,Business,Jacksonville,Ridgeland,174.2,Customer Visit
04-02-2016 23:11,03-04-2016 1:34,Business,Ridgeland,Florence,144,Meeting
04-03-2016 2:00,03-04-2016 4:16,Business,Florence,Cary,159.3,Meeting
04-05-2016 21:39,05-04-2016 21:55,Business,Whitebridge,Wayne Ridge,7.9,Meal/Entertain
04-06-2016 0:19,06-04-2016 0:39,Business,Wayne Ridge,Whitebridge,8,Meal/Entertain
04-07-2016 18:20,07-04-2016 18:39,Business,Cary,Morrisville,6.1,Meal/Entertain
04-07-2016 19:45,07-04-2016 20:00,Business,Morrisville,Cary,6.1,Errand/Supplies
04-08-2016 12:30,08-04-2016 12:48,Business,Cary,Durham,10.5,Meeting
04-08-2016 13:34,08-04-2016 13:51,Business,Durham,Cary,8.7,Meal/Entertain
04-08-2016 13:55,08-04-2016 14:03,Business,Westpark Place,Whitebridge,1.8,Errand/Supplies
04-08-2016 14:43,08-04-2016 15:20,Business,Cary,Raleigh,19.1,Meeting
04-08-2016 16:05,08-04-2016 16:47,Business,Raleigh,Cary,18.6,Meeting
04-12-2016 9:15,12-04-2016 9:26,Business,Whitebridge,Edgehill Farms,2.8,Errand/Supplies
04-12-2016 9:34,12-04-2016 9:53,Business,Cary,Raleigh,8.9,Meeting
04-12-2016 10:58,12-04-2016 11:18,Business,Meredith,Cedar Hill,7.5,Customer Visit
04-12-2016 12:22,12-04-2016 12:44,Business,Raleigh,Morrisville,15.9,Meeting
04-12-2016 13:42,12-04-2016 14:01,Business,Morrisville,Cary,6.5,Meal/Entertain
4/14/16 7:29,14-04-2016 8:09,Business,Cary,Holly Springs,15.3,Temporary Site
4/14/16 16:00,14-04-2016 16:43,Business,Holly Springs,Cary,13.7,Temporary Site
4/15/16 11:36,15-04-2016 12:07,Business,Cary,Raleigh,11.9,Temporary Site
4/15/16 12:29,15-04-2016 12:32,Business,Meredith Townes,Harden Place,1.4,Errand/Supplies
4/15/16 14:31,15-04-2016 15:01,Business,Raleigh,Cary,15.2,Meeting
4/16/16 12:59,16-04-2016 13:17,Business,Cary,Morrisville,6,Errand/Supplies
4/16/16 15:10,16-04-2016 15:26,Business,Morrisville,Cary,6.1,Meal/Entertain
4/19/16 17:44,19-04-2016 18:08,Business,Whitebridge,Wayne Ridge,8.2,Meal/Entertain
4/19/16 19:57,19-04-2016 20:19,Business,Wayne Ridge,Whitebridge,8,Meal/Entertain
4/22/16 8:25,22-04-2016 9:04,Business,Cary,Raleigh,13.6,Meeting
4/22/16 10:10,22-04-2016 10:40,Business,Raleigh,Cary,22.5,Meeting
4/22/16 12:08,22-04-2016 12:28,Business,Cary,Durham,10.4,Meeting
4/22/16 13:02,22-04-2016 13:26,Business,Durham,Cary,10,Meeting
4/23/16 17:03,23-04-2016 17:16,Business,Whitebridge,Tanglewood,6,Meal/Entertain
4/23/16 18:49,23-04-2016 19:05,Business,Tanglewood,Whitebridge,6.5,Meal/Entertain
4/24/16 19:07,24-04-2016 19:16,Business,Cary,Morrisville,3.1,Errand/Supplies
4/24/16 19:46,24-04-2016 19:52,Business,Chessington,Chessington,1.9,Errand/Supplies
4/24/16 21:41,24-04-2016 21:50,Business,Morrisville,Cary,4.2,Between Offices
4/27/16 13:30,27-04-2016 13:40,Business,Whitebridge,Burtrose,4.9,Between Offices
4/27/16 14:13,27-04-2016 14:25,Business,Burtrose,Whitebridge,4.8,Between Offices
4/28/16 12:09,28-04-2016 12:34,Business,Cary,Raleigh,12.4,Customer Visit
4/28/16 13:30,28-04-2016 13:49,Business,Raleigh,Cary,32.8,Customer Visit
4/28/16 22:10,28-04-2016 22:28,Business,Morrisville,Cary,5.5,Customer Visit
4/29/16 11:44,29-04-2016 12:01,Business,Cary,Durham,9.9,Meeting
4/29/16 13:13,29-04-2016 13:34,Business,Durham,Cary,10,Meeting
4/29/16 18:46,29-04-2016 19:18,Business,Cary,Durham,14.2,Customer Visit
4/29/16 22:44,29-04-2016 23:19,Business,Durham,Cary,18.2,Meeting
4/30/16 18:42,30-04-2016 18:57,Business,Whitebridge,Waverly Place,7.7,Meal/Entertain
4/30/16 22:16,30-04-2016 22:34,Business,Waverly Place,Whitebridge,6.8,
05-01-2016 13:45,01-05-2016 13:53,Business,Whitebridge,Westpark Place,2.1,Meal/Entertain
05-01-2016 14:26,01-05-2016 14:31,Business,Westpark Place,Whitebridge,2.3,
05-01-2016 17:33,01-05-2016 17:45,Business,Whitebridge,Tanglewood,6.2,Between Offices
05-01-2016 17:54,01-05-2016 18:10,Business,Tanglewood,Parkway,7.5,Meeting
05-01-2016 22:38,01-05-2016 22:49,Business,Parkway,Whitebridge,3.1,Errand/Supplies
05-02-2016 14:14,02-05-2016 14:21,Business,Whitebridge,Westpark Place,2.2,Errand/Supplies
05-02-2016 15:37,02-05-2016 15:48,Business,Westpark Place,Whitebridge,3.9,Meal/Entertain
05-03-2016 22:20,03-05-2016 22:28,Business,Morrisville,Cary,2.5,Meal/Entertain
05-04-2016 15:16,04-05-2016 15:37,Business,Cary,Morrisville,8.7,Meal/Entertain
05-04-2016 20:55,04-05-2016 21:14,Business,Mcvan,Capitol One,14.5,Errand/Supplies
05-04-2016 21:30,04-05-2016 21:36,Business,Capitol One,University District,4.5,Meal/Entertain
05-04-2016 22:19,04-05-2016 22:27,Business,University District,Capitol One,5,Meal/Entertain
05-05-2016 21:24,05-05-2016 21:36,Business,Seattle,Redmond,14.2,Meal/Entertain
05-05-2016 22:34,05-05-2016 22:40,Business,Redmond,Bellevue,2.9,Errand/Supplies
05-05-2016 23:55,06-05-2016 0:08,Business,Bellevue,Seattle,12.9,Meeting
05-06-2016 5:47,06-05-2016 6:02,Business,Capitol One,Mcvan,14.4,Meeting
05-06-2016 16:45,06-05-2016 16:59,Business,Chapel Hill,Morrisville,17,Meeting
05-06-2016 17:18,06-05-2016 17:44,Business,Morrisville,Cary,7.9,Customer Visit
05-09-2016 6:08,09-05-2016 6:25,Business,Cary,Morrisville,8.4,Customer Visit
05-09-2016 14:39,09-05-2016 15:06,Business,San Francisco,Palo Alto,20.5,Between Offices
05-09-2016 17:58,09-05-2016 18:26,Business,Palo Alto,Sunnyvale,9.8,Customer Visit
05-09-2016 19:35,09-05-2016 19:59,Business,Sunnyvale,Newark,17.6,Customer Visit
05-10-2016 9:03,10-05-2016 9:20,Business,Newark,Menlo Park,9.3,Customer Visit
05-10-2016 17:19,10-05-2016 17:31,Business,Menlo Park,Newark,7.9,Customer Visit
05-11-2016 8:35,11-05-2016 9:12,Business,Newark,San Francisco,25.6,Meeting
05-11-2016 21:47,11-05-2016 22:04,Business,Morrisville,Cary,8.1,Meeting
5/14/16 18:35,14-05-2016 18:39,Business,Cary,Morrisville,3.1,Meal/Entertain
5/14/16 23:01,14-05-2016 23:05,Business,Morrisville,Cary,3.1,Meal/Entertain
5/17/16 13:15,17-05-2016 13:23,Business,Whitebridge,Preston,2.8,Errand/Supplies
5/17/16 13:56,17-05-2016 14:08,Business,Preston,Westpark Place,2.7,Errand/Supplies
5/17/16 14:34,17-05-2016 14:40,Business,Westpark Place,Whitebridge,1.9,Errand/Supplies
5/18/16 9:11,18-05-2016 9:41,Business,Cary,Morrisville,8.4,Customer Visit
5/18/16 13:00,18-05-2016 13:02,Business,Morrisville,Raleigh,7.6,Customer Visit
5/19/16 14:37,19-05-2016 15:01,Business,Old City,Parkway Museums,2.9,Meal/Entertain
5/20/16 10:56,20-05-2016 11:07,Business,Old City,Hog Island,11.2,Meeting
5/20/16 15:43,20-05-2016 16:12,Business,Morrisville,Cary,8.2,Meal/Entertain
5/22/16 15:39,22-05-2016 15:46,Business,Cary,Morrisville,3,Meal/Entertain
5/22/16 18:46,22-05-2016 18:53,Business,Morrisville,Cary,2.5,Meal/Entertain
5/23/16 20:19,23-05-2016 20:27,Business,Whitebridge,Savon Height,3.6,Meal/Entertain
5/23/16 21:09,23-05-2016 21:21,Business,Savon Height,Whitebridge,3.6,Errand/Supplies
5/27/16 20:26,27-05-2016 20:30,Business,Whitebridge,Kildaire Farms,4.5,Errand/Supplies
5/27/16 20:47,27-05-2016 20:53,Business,Savon Height,Kilarney Woods,1.2,
5/27/16 22:11,27-05-2016 22:14,Business,Kilarney Woods,Kildaire Farms,1.7,Errand/Supplies
5/28/16 0:15,28-05-2016 0:21,Business,Kilarney Woods,Whitebridge,4.7,Errand/Supplies
5/28/16 12:52,28-05-2016 13:06,Business,Cary,Morrisville,6.1,Meal/Entertain
5/28/16 14:35,28-05-2016 15:04,Business,Morrisville,Cary,11.3,Customer Visit
5/31/16 13:54,31-05-2016 14:41,Business,Cary,Raleigh,14.9,Meeting
5/31/16 16:02,31-05-2016 16:39,Business,Raleigh,Cary,14,Meeting
5/31/16 17:50,31-05-2016 17:59,Business,Westpark Place,Whitebridge,1.8,
06-01-2016 10:19,01-06-2016 10:47,Business,Cary,Morrisville,6.7,Customer Visit
06-01-2016 13:10,01-06-2016 13:39,Business,Morrisville,Cary,9.6,Meeting
06-03-2016 11:29,03-06-2016 11:49,Business,Cary,Durham,10.4,Meeting
06-03-2016 13:08,03-06-2016 13:38,Business,Durham,Cary,9.9,Meeting
06-03-2016 15:31,03-06-2016 15:54,Business,Cary,Morrisville,6,Meal/Entertain
06-03-2016 18:14,03-06-2016 18:29,Business,Townes at Everett Crossing,Chessington,3.3,Errand/Supplies
06-03-2016 18:41,03-06-2016 18:53,Business,Morrisville,Cary,3.1,Errand/Supplies
06-03-2016 19:36,03-06-2016 19:42,Business,Huntington Woods,Weston,1.7,Errand/Supplies
06-03-2016 22:47,03-06-2016 23:06,Business,Morrisville,Cary,4,Between Offices
06-05-2016 14:03,05-06-2016 14:33,Business,Whitebridge,Savon Height,7.8,Customer Visit
06-05-2016 15:06,05-06-2016 15:22,Business,Cary,Morrisville,7.8,Customer Visit
06-05-2016 15:57,05-06-2016 16:08,Business,Weston,Weston,3.8,Meal/Entertain
06-05-2016 18:05,05-06-2016 18:14,Business,Morrisville,Cary,2.5,Meal/Entertain
06-05-2016 21:53,05-06-2016 22:05,Business,Cary,Durham,9.9,Meeting
06-05-2016 23:52,06-06-2016 0:08,Business,Durham,Cary,9.9,Meeting
06-06-2016 15:36,06-06-2016 15:45,Business,Whitebridge,Hazelwood,3,Errand/Supplies
06-06-2016 16:16,06-06-2016 16:24,Business,Hazelwood,Whitebridge,2.4,Errand/Supplies
06-06-2016 20:06,06-06-2016 20:20,Business,Cary,Apex,5.7,Meal/Entertain
06-06-2016 21:08,06-06-2016 21:37,Business,Apex,Cary,7.2,Meal/Entertain
06-06-2016 21:41,06-06-2016 22:00,Business,Cary,Durham,10.4,Meeting
06-06-2016 23:34,06-06-2016 23:48,Business,Durham,Cary,9.9,Meeting
06-07-2016 21:42,07-06-2016 22:00,Business,Cary,Durham,10.4,Meeting
06-07-2016 23:41,08-06-2016 0:04,Business,Durham,Cary,9.9,Meeting
06-08-2016 8:23,08-06-2016 8:53,Business,Cary,Morrisville,8.7,Meal/Entertain
06-08-2016 12:04,08-06-2016 13:01,Business,Jamaica,New York,22.3,Errand/Supplies
06-08-2016 13:12,08-06-2016 13:29,Business,Seaport,Gramercy-Flatiron,3.3,Meal/Entertain
06-08-2016 14:31,08-06-2016 14:37,Business,Medical Centre,Tudor City,0.7,Errand/Supplies
06-08-2016 16:55,08-06-2016 17:11,Business,Rose Hill,Soho,2.5,Meal/Entertain
06-08-2016 17:16,08-06-2016 17:18,Business,Soho,Tribeca,0.5,Errand/Supplies
06-08-2016 17:59,08-06-2016 18:05,Business,Tribeca,Financial District,0.9,Errand/Supplies
06-08-2016 20:11,08-06-2016 20:25,Business,Financial District,Kips Bay,4.8,Errand/Supplies
06-10-2016 15:19,10-06-2016 16:28,Business,New York,Jamaica,16.3,Meeting
06-10-2016 21:47,10-06-2016 22:04,Business,Cary,Durham,10.4,Meeting
06-10-2016 23:53,11-06-2016 0:01,Business,Durham,Cary,9.9,Meeting
06-11-2016 17:08,11-06-2016 17:16,Business,Cary,Morrisville,3.7,Errand/Supplies
06-11-2016 17:34,11-06-2016 17:39,Business,Morrisville,Cary,4.6,Meal/Entertain
06-11-2016 17:50,11-06-2016 17:56,Business,Westpark Place,Whitebridge,1.7,
06-11-2016 21:45,11-06-2016 22:04,Business,Cary,Durham,10.4,Meeting
06-11-2016 23:39,12-06-2016 0:05,Business,Durham,Cary,9.9,Meeting
06-12-2016 19:53,12-06-2016 19:56,Business,Cary,Morrisville,2.5,Meal/Entertain
06-12-2016 20:05,12-06-2016 20:16,Business,Morrisville,Cary,4.3,Errand/Supplies
06-12-2016 21:58,12-06-2016 22:19,Business,Parkway,Whitebridge,2.8,Errand/Supplies
6/13/16 5:23,13-06-2016 5:42,Business,Cary,Morrisville,8.4,Meal/Entertain
6/13/16 14:17,13-06-2016 14:46,Business,Oakland,Emeryville,13.2,Meeting
6/13/16 18:08,13-06-2016 18:47,Business,Emeryville,Berkeley,3.9,Meal/Entertain
6/13/16 18:54,13-06-2016 19:23,Business,Berkeley,Oakland,5.1,Meal/Entertain
6/13/16 20:00,13-06-2016 20:05,Business,Oakland,Unknown Location,5.2,Customer Visit
6/14/16 12:03,14-06-2016 12:21,Business,Emeryville,San Francisco,9.8,
6/14/16 16:09,14-06-2016 16:39,Business,San Francisco,Emeryville,11.6,Meeting
6/14/16 17:15,14-06-2016 17:24,Business,Emeryville,Oakland,5.1,Meeting
6/14/16 17:27,14-06-2016 17:57,Business,Downtown,Bay Farm Island,9.3,Errand/Supplies
6/15/16 1:46,15-06-2016 2:06,Business,Kenner,New Orleans,12.4,Between Offices
6/15/16 15:26,15-06-2016 15:34,Business,CBD,Lower Garden District,1.9,Between Offices
6/15/16 16:37,15-06-2016 17:02,Business,Lower Garden District,Lakeview,6.4,Customer Visit
6/15/16 17:29,15-06-2016 17:49,Personal,Lakeview,Storyville,5.5,
6/15/16 19:52,15-06-2016 19:58,Business,Storyville,Faubourg Marigny,1.5,Meal/Entertain
6/16/16 13:36,16-06-2016 14:30,Business,New Orleans,Metairie,14.5,
6/16/16 14:42,16-06-2016 14:46,Business,Metairie,Kenner,2.7,
6/16/16 15:17,16-06-2016 15:41,Business,Kenner,New Orleans,15,
6/16/16 19:39,16-06-2016 19:56,Business,New Orleans,Kenner,12.9,
6/16/16 21:43,16-06-2016 21:56,Business,Kenner,New Orleans,13.6,
6/17/16 16:11,17-06-2016 16:44,Business,New Orleans,Kenner,12.2,
6/18/16 0:29,18-06-2016 0:51,Business,Morrisville,Cary,8.7,
6/19/16 2:39,19-06-2016 2:50,Business,Cary,Raleigh,6,
6/19/16 5:51,19-06-2016 6:00,Business,Raleigh,Cary,5.9,
6/21/16 15:39,21-06-2016 16:08,Business,Cary,Raleigh,19.3,
6/21/16 17:11,21-06-2016 18:02,Business,Raleigh,Cary,16.6,Meal/Entertain
6/24/16 10:41,24-06-2016 10:57,Business,Whitebridge,Waverly Place,7.1,Meal/Entertain
6/24/16 11:54,24-06-2016 12:01,Business,Waverly Place,Macgregor Downs,2.1,Meal/Entertain
6/24/16 12:19,24-06-2016 12:37,Business,Cary,Raleigh,8.6,Errand/Supplies
6/24/16 12:50,24-06-2016 13:12,Business,Raleigh,Morrisville,9,Errand/Supplies
6/24/16 13:18,24-06-2016 13:27,Business,Morrisville,Cary,3.1,Errand/Supplies
6/24/16 14:01,24-06-2016 14:20,Business,Cary,Morrisville,8.4,Temporary Site
6/24/16 20:44,24-06-2016 21:02,Business,Kenner,New Orleans,12.8,
6/25/16 9:03,25-06-2016 9:12,Business,CBD,Bywater,4.5,
6/25/16 9:15,25-06-2016 10:08,Business,New Orleans,Chalmette,11.8,Between Offices
6/25/16 10:18,25-06-2016 10:25,Business,Chalmette,Arabi,1.1,Errand/Supplies
6/25/16 10:50,25-06-2016 11:18,Business,Arabi,Metairie,17,Meal/Entertain
6/25/16 11:25,25-06-2016 11:34,Business,Pontchartrain Shores,Pontchartrain Shores,1.7,Meeting
6/25/16 11:53,25-06-2016 13:21,Business,Metairie,New Orleans,15.5,Meeting
6/25/16 19:47,25-06-2016 19:58,Business,Storyville,Marigny,1.6,
6/25/16 23:19,25-06-2016 23:26,Business,Marigny,Storyville,1.5,
6/26/16 17:43,26-06-2016 18:18,Business,New Orleans,Kenner,12.6,Meeting
6/26/16 18:45,26-06-2016 19:12,Business,Pontchartrain Shores,Pontchartrain Shores,4.8,
6/26/16 19:41,26-06-2016 19:50,Business,Kenner,Kenner,2.2,
6/26/16 21:14,26-06-2016 21:42,Business,Kenner,New Orleans,13,
6/27/16 7:37,27-06-2016 8:48,Business,New Orleans,Covington,46.9,
6/27/16 8:51,27-06-2016 9:00,Business,Covington,Covington,2.5,
6/27/16 9:05,27-06-2016 9:33,Business,Covington,Covington,8.6,
6/27/16 9:43,27-06-2016 10:08,Business,Covington,Covington,5.2,
6/27/16 10:22,27-06-2016 10:39,Business,Covington,Covington,7.6,
6/27/16 10:51,27-06-2016 10:58,Business,Covington,Covington,1.8,
6/27/16 11:06,27-06-2016 11:24,Business,Covington,Mandeville,4.7,
6/27/16 11:30,27-06-2016 11:42,Business,Mandeville,Mandeville,2.8,
6/27/16 12:22,27-06-2016 13:02,Business,Mandeville,Metairie,30,
6/27/16 13:56,27-06-2016 14:05,Business,Metairie,Kenner,4.4,
6/27/16 21:09,27-06-2016 21:19,Business,Jamestown Court,Jamestown Court,1,
6/28/16 0:48,28-06-2016 1:05,Business,Morrisville,Cary,8.2,Customer Visit
6/28/16 20:13,28-06-2016 20:33,Business,Cary,Durham,10.4,Meeting
6/28/16 23:34,28-06-2016 23:59,Business,Durham,Cary,9.9,Meeting
6/28/16 23:34,28-06-2016 23:59,Business,Durham,Cary,9.9,Meeting
6/29/16 8:56,29-06-2016 9:24,Business,Cary,Morrisville,7.3,
6/29/16 10:22,29-06-2016 10:38,Business,Morrisville,Cary,7.4,
6/29/16 11:49,29-06-2016 11:51,Business,Whitebridge,Westpark Place,1.6,
6/29/16 12:11,29-06-2016 12:16,Business,Westpark Place,Whitebridge,1.8,
6/29/16 20:11,29-06-2016 20:29,Business,Cary,Durham,10.4,Meeting
6/29/16 23:38,30-06-2016 0:00,Business,Durham,Cary,9.9,Meeting
6/30/16 20:09,30-06-2016 20:26,Business,Cary,Durham,9.9,Meeting
07-01-2016 0:00,01-07-2016 0:25,Business,Durham,Cary,9.9,Meeting
07-01-2016 9:34,01-07-2016 9:57,Business,Cary,Raleigh,13.3,Meeting
07-01-2016 12:36,01-07-2016 13:00,Business,Raleigh,Cary,11.3,Meeting
07-01-2016 20:06,01-07-2016 20:24,Business,Cary,Durham,10.5,Meeting
07-01-2016 23:48,02-07-2016 0:09,Business,Durham,Cary,9.9,Meeting
07-02-2016 20:18,02-07-2016 20:36,Business,Cary,Durham,10.1,Meeting
07-02-2016 23:48,03-07-2016 0:12,Business,Durham,Cary,9.9,Meeting
07-03-2016 0:28,03-07-2016 0:38,Business,Cary,Morrisville,3.1,Errand/Supplies
07-03-2016 3:02,03-07-2016 3:08,Business,Morrisville,Cary,3.1,Errand/Supplies
07-03-2016 20:00,03-07-2016 20:18,Business,Cary,Durham,9.9,Meeting
07-04-2016 0:32,04-07-2016 0:47,Business,Durham,Cary,9.9,Meeting
07-04-2016 17:31,04-07-2016 17:49,Business,Whitebridge,Summerwinds,8.8,Meeting
07-04-2016 18:23,04-07-2016 18:49,Business,Summerwinds,Whitebridge,8.7,Temporary Site
07-04-2016 20:00,04-07-2016 20:17,Business,Cary,Durham,11.8,Meeting
07-05-2016 0:00,05-07-2016 0:05,Business,Parkwood,Parkwood,1.2,Errand/Supplies
07-05-2016 0:08,05-07-2016 0:28,Business,Durham,Cary,9.9,Meeting
07-05-2016 16:48,05-07-2016 16:52,Business,Whitebridge,Whitebridge,0.6,Errand/Supplies
07-05-2016 20:06,05-07-2016 20:26,Business,Cary,Durham,9.9,
07-05-2016 22:41,05-07-2016 23:02,Business,Durham,Morrisville,8.6,
07-06-2016 0:33,06-07-2016 0:53,Business,Morrisville,Cary,6.3,Meal/Entertain
07-06-2016 9:06,06-07-2016 9:25,Business,Cary,Durham,9.9,Meeting
07-06-2016 12:48,06-07-2016 13:08,Business,Durham,Cary,9.9,
07-06-2016 20:04,06-07-2016 20:14,Business,Cary,Morrisville,3.3,Meal/Entertain
07-06-2016 23:46,06-07-2016 23:59,Business,Morrisville,Cary,3.1,Customer Visit
07-07-2016 8:22,07-07-2016 8:50,Business,Cary,Morrisville,7.9,Temporary Site
07-07-2016 10:27,07-07-2016 10:33,Business,Morrisville,Cary,8.9,
07-07-2016 12:59,07-07-2016 13:35,Business,Kenner,New Orleans,12.8,
07-08-2016 9:50,08-07-2016 10:13,Business,CBD,Pontchartrain Beach,7.7,
07-08-2016 10:51,08-07-2016 11:12,Business,Pontchartrain Beach,CBD,7,
07-08-2016 13:48,08-07-2016 14:11,Business,New Orleans,Metairie,12.5,
07-08-2016 17:11,08-07-2016 17:30,Business,Kenner,New Orleans,13.2,
07-09-2016 9:03,09-07-2016 9:46,Business,New Orleans,Kenner,13,
07-09-2016 9:52,09-07-2016 10:06,Business,Kenner,Metairie,4.9,
07-09-2016 10:15,09-07-2016 10:33,Business,Metairie,New Orleans,8.5,
07-10-2016 14:10,10-07-2016 14:17,Business,CBD,St Thomas,1.3,
07-10-2016 16:04,10-07-2016 16:15,Business,St Thomas,CBD,1.8,
07-10-2016 18:05,10-07-2016 18:21,Business,New Orleans,Kenner,13.6,
07-10-2016 19:51,10-07-2016 20:08,Business,Kenner,New Orleans,13.4,
07-12-2016 16:10,12-07-2016 16:45,Business,New Orleans,Kenner,12.3,
07-12-2016 19:21,12-07-2016 19:26,Personal,Kenner,Kenner,1.4,
07-12-2016 23:47,13-07-2016 0:11,Personal,Morrisville,Cary,8.7,
7/13/16 12:39,13-07-2016 13:20,Personal,Cary,Morrisville,23.5,
7/13/16 13:25,13-07-2016 13:39,Personal,Morrisville,Morrisville,2.2,
7/13/16 13:42,13-07-2016 13:54,Personal,Morrisville,Cary,4.4,
7/14/16 15:51,14-07-2016 15:59,Personal,Cary,Morrisville,3.3,
7/14/16 16:03,14-07-2016 16:34,Business,Morrisville,Morrisville,11.8,Errand/Supplies
7/14/16 16:39,14-07-2016 20:05,Business,Morrisville,Banner Elk,195.3,
7/15/16 11:32,15-07-2016 11:53,Personal,Banner Elk,Banner Elk,8.3,
7/15/16 12:09,15-07-2016 12:19,Personal,Banner Elk,Banner Elk,3.2,
7/15/16 12:35,15-07-2016 13:15,Personal,Banner Elk,Elk Park,22.4,
7/15/16 15:03,15-07-2016 15:33,Personal,Elk Park,Banner Elk,12.2,
7/15/16 15:40,15-07-2016 15:52,Personal,Banner Elk,Banner Elk,4.5,
7/16/16 13:14,16-07-2016 14:10,Personal,Banner Elk,Newland,28.1,
7/16/16 14:14,16-07-2016 14:30,Personal,Newland,Newland,3.8,
7/16/16 15:29,16-07-2016 16:57,Personal,Newland,Boone,41.9,
7/16/16 19:42,16-07-2016 20:35,Personal,Boone,Banner Elk,23.8,
7/16/16 21:45,16-07-2016 22:18,Personal,Banner Elk,Banner Elk,13,
7/16/16 22:50,16-07-2016 23:03,Business,Banner Elk,Banner Elk,4.4,Errand/Supplies
7/17/16 11:23,17-07-2016 11:50,Personal,Banner Elk,Boone,15.1,Charity ($)
7/17/16 12:20,17-07-2016 15:25,Personal,Boone,Cary,180.2,Commute
7/18/16 10:37,18-07-2016 10:49,Personal,Cary,Morrisville,4.1,Moving
7/18/16 10:54,18-07-2016 11:15,Personal,Morrisville,Cary,6.1,Moving
7/18/16 11:25,18-07-2016 11:36,Personal,Northwoods,Preston,3.3,Moving
7/18/16 11:40,18-07-2016 11:56,Personal,Preston,Whitebridge,4.7,Moving
7/18/16 17:12,18-07-2016 17:33,Business,Cary,Apex,7.2,Meeting
7/18/16 18:32,18-07-2016 18:47,Business,Apex,Cary,5.5,Meal/Entertain
7/18/16 19:07,18-07-2016 19:14,Business,Cary,Morrisville,3.3,Meal/Entertain
7/18/16 20:28,18-07-2016 20:32,Business,Hazelwood,Weston,0.9,Errand/Supplies
7/18/16 21:11,18-07-2016 21:19,Business,Morrisville,Cary,3.8,Meal/Entertain
7/19/16 10:35,19-07-2016 10:51,Business,Whitebridge,Stonewater,6.4,Customer Visit
7/19/16 10:56,19-07-2016 11:11,Business,Stonewater,Lexington Park at Amberly,3,Meeting
7/19/16 11:30,19-07-2016 12:00,Business,Lexington Park at Amberly,Whitebridge,8.7,Meal/Entertain
7/19/16 17:14,19-07-2016 17:24,Business,Whitebridge,Chessington,3.9,Errand/Supplies
7/19/16 17:50,19-07-2016 18:08,Personal,Chessington,Whitebridge,4.8,
7/20/16 17:12,20-07-2016 17:24,Personal,Whitebridge,Edgehill Farms,2.8,
7/20/16 17:50,20-07-2016 17:57,Personal,Edgehill Farms,Preston,1.4,
7/20/16 18:16,20-07-2016 18:20,Personal,Preston,Whitebridge,1.4,
7/21/16 17:17,21-07-2016 17:23,Business,Whitebridge,Edgehill Farms,2.7,
7/21/16 17:42,21-07-2016 17:51,Business,Edgehill Farms,Burtrose,2.3,
7/21/16 18:27,21-07-2016 18:42,Business,Cary,Morrisville,3.7,
7/21/16 19:30,21-07-2016 19:39,Business,Morrisville,Cary,2.9,
7/22/16 10:42,22-07-2016 10:53,Business,Cary,Morrisville,3.8,
7/22/16 11:11,22-07-2016 11:25,Business,Morrisville,Cary,5.1,
7/22/16 11:37,22-07-2016 12:00,Business,Hazelwood,Lexington Park at Amberly,9.1,
7/22/16 12:14,22-07-2016 12:31,Business,Cary,Durham,8,
7/22/16 13:21,22-07-2016 13:42,Business,Durham,Cary,9.9,Meeting
7/22/16 14:27,22-07-2016 14:43,Business,Cary,Morrisville,6.1,Meal/Entertain
7/22/16 15:49,22-07-2016 16:22,Business,Morrisville,Cary,12.2,
7/22/16 18:33,22-07-2016 18:51,Business,Wayne Ridge,Whitebridge,8,
7/23/16 14:27,23-07-2016 14:44,Business,Cary,Morrisville,4,
7/23/16 14:48,23-07-2016 15:12,Business,Morrisville,Cary,9.5,
7/23/16 15:15,23-07-2016 15:27,Business,Cary,Morrisville,3,
7/23/16 15:50,23-07-2016 16:10,Business,Morrisville,Cary,6.3,
7/23/16 20:17,23-07-2016 20:33,Business,Cary,Durham,10.4,Meeting
7/23/16 23:18,23-07-2016 23:43,Business,Durham,Cary,9.9,Meeting
7/25/16 10:35,25-07-2016 10:41,Business,Whitebridge,Parkway,1.5,
7/25/16 10:47,25-07-2016 10:58,Business,Cary,Morrisville,4.9,
7/25/16 11:04,25-07-2016 11:33,Business,Morrisville,Cary,7.9,
7/25/16 11:37,25-07-2016 11:44,Business,Parkway,Whitebridge,1.7,
7/26/16 15:43,26-07-2016 15:49,Business,Whitebridge,Westpark Place,2.2,
7/26/16 17:14,26-07-2016 17:24,Business,Westpark Place,Whitebridge,2.1,
7/26/16 20:52,26-07-2016 21:00,Business,Cary,Morrisville,2.5,Meal/Entertain
7/26/16 22:31,26-07-2016 22:39,Business,Morrisville,Cary,2.5,Meal/Entertain
7/27/16 19:08,27-07-2016 19:20,Business,Cary,Morrisville,2.8,
7/27/16 21:34,27-07-2016 21:57,Business,Morrisville,Raleigh,14.7,
7/27/16 22:00,27-07-2016 22:26,Business,Raleigh,Morrisville,14.6,
7/28/16 0:04,28-07-2016 0:09,Business,Morrisville,Cary,2.3,
7/29/16 15:45,29-07-2016 15:47,Business,Whitebridge,Westpark Place,2.2,
7/29/16 17:27,29-07-2016 17:45,Business,Westpark Place,Whitebridge,2.2,Meal/Entertain
7/30/16 17:02,30-07-2016 17:27,Business,Cary,Durham,14,
7/30/16 21:16,30-07-2016 21:41,Business,Durham,Cary,13.3,
7/31/16 17:30,31-07-2016 17:37,Business,Westpark Place,Whitebridge,1.8,
08-01-2016 12:47,01-08-2016 13:04,Business,Whitebridge,Arlington Park at Amberly,6.2,
08-01-2016 13:08,01-08-2016 13:19,Business,Arlington Park at Amberly,Lexington Park at Amberly,1.3,
08-01-2016 13:28,01-08-2016 13:46,Business,Lexington Park at Amberly,Westpark Place,1.9,
08-01-2016 13:52,01-08-2016 14:14,Business,Cary,Apex,6.9,
08-01-2016 15:40,01-08-2016 15:47,Business,Apex,Cary,4.6,
08-01-2016 16:18,01-08-2016 16:25,Business,Whitebridge,Edgehill Farms,2.8,
08-01-2016 16:29,01-08-2016 16:59,Business,Cary,Morrisville,9.1,
08-01-2016 17:23,01-08-2016 17:55,Business,Morrisville,Cary,8.1,
08-02-2016 8:11,02-08-2016 8:32,Business,Cary,Morrisville,8.4,Meeting
08-02-2016 11:51,02-08-2016 12:15,Business,Arlington,Washington,4.9,
08-02-2016 19:15,02-08-2016 19:23,Business,Kalorama Triangle,K Street,1,
08-02-2016 21:23,02-08-2016 21:29,Business,K Street,Kalorama Triangle,1,
08-03-2016 12:46,03-08-2016 13:00,Business,West End,Northwest Rectangle,2,
08-03-2016 14:59,03-08-2016 15:03,Business,K Street,Kalorama Triangle,1.1,
08-03-2016 16:00,03-08-2016 16:04,Business,Kalorama Triangle,Downtown,1.5,
08-05-2016 17:23,05-08-2016 17:30,Business,Connecticut Avenue,Kalorama Triangle,1.3,
08-05-2016 18:17,05-08-2016 18:21,Business,Kalorama Triangle,Columbia Heights,1.8,
08-05-2016 19:17,05-08-2016 19:27,Business,Columbia Heights,Kalorama Triangle,1.5,
08-06-2016 6:40,06-08-2016 6:58,Business,Washington,Arlington,6.6,
08-06-2016 9:31,06-08-2016 9:53,Business,Morrisville,Cary,8,
08-07-2016 17:14,07-08-2016 17:23,Business,Whitebridge,Edgehill Farms,2.7,
08-07-2016 17:28,07-08-2016 17:43,Business,Edgehill Farms,Whitebridge,2.7,Customer Visit
08-07-2016 18:17,07-08-2016 18:23,Business,Cary,Morrisville,2.5,
08-07-2016 20:15,07-08-2016 20:23,Business,Morrisville,Cary,2.5,Meal/Entertain
08-08-2016 16:17,08-08-2016 16:31,Business,Whitebridge,Farmington Woods,5.2,
08-08-2016 16:37,08-08-2016 16:50,Business,Farmington Woods,Edgehill Farms,4,
08-08-2016 17:02,08-08-2016 17:13,Business,Edgehill Farms,Whitebridge,2.7,Customer Visit
08-08-2016 21:50,08-08-2016 22:15,Business,Cary,Morrisville,4.8,
08-08-2016 23:28,08-08-2016 23:37,Business,Morrisville,Cary,3.2,Customer Visit
08-09-2016 14:20,09-08-2016 14:38,Business,Whitebridge,Waverly Place,6.9,
08-09-2016 15:15,09-08-2016 15:36,Business,Cary,Raleigh,14.9,
08-09-2016 16:04,09-08-2016 16:37,Business,Raleigh,Cary,17.4,
08-10-2016 16:56,10-08-2016 17:24,Business,Cary,Durham,12.9,
08-10-2016 17:53,10-08-2016 18:28,Business,Durham,Apex,15.3,
08-10-2016 18:49,10-08-2016 18:50,Business,Apex,Apex,1,
08-10-2016 19:47,10-08-2016 20:02,Business,Apex,Cary,6,
08-11-2016 12:53,11-08-2016 13:00,Business,Whitebridge,Heritage Pines,2.2,
08-11-2016 13:14,11-08-2016 13:28,Business,Heritage Pines,Edgehill Farms,4.4,
08-11-2016 13:32,11-08-2016 13:42,Business,Edgehill Farms,Whitebridge,2.8,
08-11-2016 18:37,11-08-2016 19:29,Business,Cary,Wake Forest,31.7,
08-11-2016 20:59,11-08-2016 21:44,Business,Wake Forest,Cary,31.9,
08-12-2016 18:49,12-08-2016 18:52,Business,Whitebridge,Westpark Place,1.9,
08-12-2016 18:56,12-08-2016 19:05,Business,Westpark Place,Whitebridge,1.8,
8/13/16 15:35,13-08-2016 15:58,Business,Cary,Morrisville,8.4,Meeting
8/15/16 9:05,15-08-2016 9:52,Business,R?walpindi,Unknown Location,15.6,
8/15/16 15:20,15-08-2016 15:47,Business,Unknown Location,Unknown Location,14.1,
8/15/16 16:52,15-08-2016 17:30,Business,Unknown Location,Unknown Location,15.7,
8/15/16 19:08,15-08-2016 20:30,Business,Unknown Location,Unknown Location,25.9,Temporary Site
8/16/16 7:58,16-08-2016 8:11,Business,Unknown Location,Unknown Location,7.9,
8/16/16 8:16,16-08-2016 8:23,Business,Unknown Location,Unknown Location,2.7,
8/16/16 8:46,16-08-2016 8:53,Business,Unknown Location,Unknown Location,5.5,
8/16/16 10:06,16-08-2016 10:27,Business,Unknown Location,Islamabad,5.7,
8/16/16 10:31,16-08-2016 10:38,Business,Islamabad,Islamabad,1.2,
8/16/16 11:47,16-08-2016 12:03,Business,Islamabad,Unknown Location,5.7,Temporary Site
8/16/16 15:13,16-08-2016 15:36,Business,Unknown Location,Unknown Location,16.2,
8/17/16 10:17,17-08-2016 10:41,Business,Unknown Location,Unknown Location,2.6,
8/17/16 10:57,17-08-2016 11:20,Business,Unknown Location,Unknown Location,12.1,
8/17/16 14:45,17-08-2016 14:50,Business,Unknown Location,R?walpindi,1.4,
8/17/16 15:32,17-08-2016 15:47,Business,R?walpindi,Islamabad,6.4,
8/17/16 16:29,17-08-2016 16:50,Business,Islamabad,Unknown Location,7.3,
8/17/16 16:54,17-08-2016 17:00,Business,Unknown Location,Unknown Location,5.3,
8/17/16 17:05,17-08-2016 17:34,Business,Unknown Location,Unknown Location,5.5,
8/17/16 18:38,17-08-2016 18:57,Business,Unknown Location,Unknown Location,7.7,Temporary Site
8/18/16 18:40,18-08-2016 19:07,Business,Unknown Location,Unknown Location,7.6,Temporary Site
8/19/16 8:24,19-08-2016 8:45,Business,Unknown Location,Noorpur Shahan,7.6,
8/19/16 8:54,19-08-2016 9:07,Business,Noorpur Shahan,Islamabad,3.3,
8/19/16 9:27,19-08-2016 9:47,Business,Islamabad,R?walpindi,6.5,
8/19/16 10:57,19-08-2016 11:06,Business,R?walpindi,Unknown Location,2,
8/19/16 12:07,19-08-2016 12:24,Business,Unknown Location,Islamabad,5.7,
8/19/16 15:51,19-08-2016 16:06,Business,Islamabad,Islamabad,3.2,
8/19/16 17:12,19-08-2016 17:52,Business,Islamabad,Unknown Location,12.5,
8/21/16 10:00,21-08-2016 10:29,Business,Unknown Location,Unknown Location,7.6,Airport/Travel
8/21/16 14:05,21-08-2016 14:34,Business,Unknown Location,Unknown Location,7.7,
8/21/16 16:30,21-08-2016 17:02,Business,Unknown Location,Islamabad,12.2,
8/21/16 18:10,21-08-2016 18:17,Business,Islamabad,Islamabad,1.4,
8/21/16 18:48,21-08-2016 19:24,Business,Islamabad,Unknown Location,20.2,
8/22/16 10:00,22-08-2016 10:44,Business,Unknown Location,Islamabad,9.8,
8/22/16 11:07,22-08-2016 11:23,Business,Islamabad,Unknown Location,6.3,
8/22/16 12:36,22-08-2016 12:49,Business,Unknown Location,Islamabad,4.9,
8/22/16 13:02,22-08-2016 13:11,Business,Islamabad,Islamabad,1.5,
8/22/16 14:07,22-08-2016 14:31,Business,Islamabad,Unknown Location,10.9,
8/22/16 15:14,22-08-2016 15:49,Business,Unknown Location,Unknown Location,19,
8/22/16 15:59,22-08-2016 17:16,Business,Unknown Location,Unknown Location,19,
8/22/16 19:58,22-08-2016 20:50,Business,Unknown Location,R?walpindi,7.9,
8/22/16 20:53,22-08-2016 21:31,Business,R?walpindi,R?walpindi,4.1,
8/22/16 22:31,22-08-2016 23:00,Business,R?walpindi,Unknown Location,18.7,
8/23/16 8:10,23-08-2016 8:25,Business,Unknown Location,Noorpur Shahan,8.7,
8/23/16 9:35,23-08-2016 10:09,Business,Noorpur Shahan,Unknown Location,7.5,
8/23/16 12:59,23-08-2016 13:15,Business,Unknown Location,Noorpur Shahan,7.7,
8/23/16 13:19,23-08-2016 13:30,Business,Noorpur Shahan,Islamabad,4.4,
8/23/16 13:49,23-08-2016 14:04,Business,Islamabad,Unknown Location,5,
8/23/16 15:07,23-08-2016 15:12,Business,Unknown Location,Unknown Location,1.9,
8/23/16 15:15,23-08-2016 17:16,Business,Unknown Location,Unknown Location,7.9,
8/23/16 17:42,23-08-2016 18:31,Business,Unknown Location,Unknown Location,17.7,
8/24/16 12:05,24-08-2016 12:56,Business,Unknown Location,Unknown Location,25.2,
8/24/16 13:01,24-08-2016 15:25,Business,Unknown Location,Unknown Location,96.2,
8/25/16 15:17,25-08-2016 16:22,Business,Unknown Location,Unknown Location,35,
8/25/16 16:36,25-08-2016 16:56,Business,Unknown Location,Unknown Location,5.5,
8/25/16 17:19,25-08-2016 19:20,Business,Unknown Location,Unknown Location,50.4,
8/25/16 19:25,25-08-2016 19:57,Business,Unknown Location,Lahore,9.2,
8/25/16 22:58,25-08-2016 23:16,Business,Lahore,Unknown Location,7.3,
8/26/16 9:06,26-08-2016 9:20,Business,Unknown Location,Unknown Location,5,
8/26/16 11:14,26-08-2016 11:26,Business,Unknown Location,Unknown Location,3.8,
8/26/16 12:10,26-08-2016 12:20,Business,Unknown Location,Lahore,3.9,
8/26/16 14:10,26-08-2016 14:33,Business,Lahore,Lahore,7.4,
8/26/16 15:23,26-08-2016 15:35,Business,Lahore,Lahore,1.5,
8/26/16 15:59,26-08-2016 16:24,Business,Lahore,Unknown Location,7.9,
8/26/16 16:55,26-08-2016 17:12,Business,Unknown Location,Lahore,2.9,
8/26/16 18:42,26-08-2016 18:56,Business,Lahore,Lahore,3.4,
8/26/16 19:31,26-08-2016 19:54,Business,Lahore,Lahore,3.8,
8/26/16 20:06,26-08-2016 20:16,Business,Lahore,Unknown Location,5.9,
8/27/16 9:34,27-08-2016 10:11,Business,Unknown Location,Lahore,9.6,
8/27/16 11:47,27-08-2016 12:06,Business,Lahore,Lahore,7,
8/27/16 12:12,27-08-2016 12:17,Business,Lahore,Lahore,0.9,
8/27/16 14:01,27-08-2016 15:44,Business,Lahore,Unknown Location,86.6,
8/27/16 16:15,27-08-2016 19:13,Business,Unknown Location,Unknown Location,156.9,
8/28/16 9:57,28-08-2016 10:18,Business,Unknown Location,Noorpur Shahan,10.1,
8/28/16 16:39,28-08-2016 16:55,Business,Noorpur Shahan,Islamabad,6.2,
8/28/16 17:37,28-08-2016 17:55,Business,Islamabad,Islamabad,5.3,
8/28/16 21:15,28-08-2016 21:59,Business,Islamabad,Unknown Location,12.1,
8/29/16 12:02,29-08-2016 12:31,Business,Unknown Location,Islamabad,10.8,
8/29/16 13:38,29-08-2016 13:48,Business,Islamabad,Islamabad,4.3,
8/29/16 14:31,29-08-2016 14:41,Business,Islamabad,Islamabad,2.5,
8/29/16 14:49,29-08-2016 15:04,Business,Islamabad,Unknown Location,5.7,Temporary Site
8/29/16 15:49,29-08-2016 15:59,Business,Unknown Location,Islamabad,2.8,
8/29/16 16:06,29-08-2016 16:21,Business,Islamabad,Unknown Location,4,
8/29/16 17:24,29-08-2016 17:41,Business,Unknown Location,Islamabad,5.5,
8/29/16 18:27,29-08-2016 18:36,Business,Islamabad,Islamabad,2.6,
8/30/16 11:53,30-08-2016 12:05,Business,Unknown Location,Unknown Location,2.1,
8/30/16 12:46,30-08-2016 13:09,Business,Unknown Location,Islamabad,8.8,
8/30/16 13:25,30-08-2016 13:46,Business,Islamabad,Islamabad,4.4,
8/30/16 14:00,30-08-2016 14:20,Business,Islamabad,Unknown Location,5.3,
8/30/16 17:27,30-08-2016 18:09,Business,Unknown Location,Unknown Location,13,
09-01-2016 11:51,01-09-2016 12:24,Business,Unknown Location,Islamabad,13,
09-01-2016 17:21,01-09-2016 17:36,Business,Islamabad,Unknown Location,10.6,
09-01-2016 18:49,01-09-2016 19:08,Business,Unknown Location,Unknown Location,2.2,
09-02-2016 11:37,02-09-2016 12:24,Business,Unknown Location,Islamabad,9.2,
09-02-2016 18:56,02-09-2016 19:37,Business,Unknown Location,Unknown Location,12.9,
09-05-2016 10:25,05-09-2016 10:44,Business,Unknown Location,R?walpindi,17.2,
09-06-2016 17:49,06-09-2016 17:49,Business,Unknown Location,Unknown Location,69.1,
09-10-2016 10:28,10-09-2016 10:45,Business,Unknown Location,Unknown Location,2.8,
09-11-2016 9:51,11-09-2016 9:55,Business,Unknown Location,Unknown Location,8.6,
09-11-2016 21:40,11-09-2016 21:42,Business,Unknown Location,Unknown Location,9.8,
09-12-2016 8:07,12-09-2016 8:12,Business,Unknown Location,Unknown Location,3.6,
09-12-2016 11:15,12-09-2016 11:24,Business,Unknown Location,Unknown Location,1.7,
09-12-2016 13:04,12-09-2016 13:44,Business,Unknown Location,Unknown Location,11.5,
9/13/16 16:56,13-09-2016 17:02,Business,Unknown Location,Unknown Location,0.7,
9/14/16 11:55,14-09-2016 11:59,Business,Unknown Location,Unknown Location,0.7,
9/15/16 20:33,15-09-2016 20:38,Business,Unknown Location,Unknown Location,0.9,
9/16/16 7:08,16-09-2016 7:08,Business,Unknown Location,Unknown Location,1.6,
9/18/16 18:07,18-09-2016 18:11,Business,Unknown Location,Unknown Location,9.4,
9/19/16 6:18,19-09-2016 6:49,Business,R?walpindi,Unknown Location,18.2,
9/19/16 14:40,19-09-2016 14:56,Business,Unknown Location,Islamabad,10.5,
9/19/16 16:23,19-09-2016 16:31,Business,Islamabad,Unknown Location,5.7,
9/19/16 17:36,19-09-2016 18:20,Business,Unknown Location,Unknown Location,18,
9/19/16 19:10,19-09-2016 19:49,Business,Unknown Location,Islamabad,18.3,
9/20/16 11:29,20-09-2016 11:48,Business,Islamabad,Unknown Location,16.5,
9/20/16 20:47,20-09-2016 22:47,Business,Unknown Location,R?walpindi,9.6,
9/23/16 13:15,23-09-2016 13:40,Business,Karachi,Karachi,2.9,
9/24/16 14:34,24-09-2016 15:15,Business,Karachi,Unknown Location,8.2,
9/24/16 20:29,24-09-2016 20:33,Business,Unknown Location,Unknown Location,2.4,
9/27/16 8:33,27-09-2016 8:35,Business,Unknown Location,Unknown Location,5.8,
9/27/16 13:21,27-09-2016 14:43,Business,Lahore,Lahore,9.8,
9/27/16 19:14,27-09-2016 20:34,Business,Lahore,Unknown Location,7.3,
9/27/16 21:01,28-09-2016 2:37,Business,Unknown Location,Unknown Location,195.6,
9/28/16 17:21,28-09-2016 19:36,Business,Islamabad,Unknown Location,20.5,
9/29/16 16:13,29-09-2016 18:47,Business,Unknown Location,Islamabad,12.6,
9/30/16 17:39,30-09-2016 20:20,Business,Islamabad,Islamabad,37.7,
9/30/16 20:59,30-09-2016 22:34,Business,Islamabad,Unknown Location,16.7,
10-03-2016 17:09,03-10-2016 17:12,Business,Unknown Location,Islamabad,10.5,
10-03-2016 18:17,03-10-2016 18:34,Business,Islamabad,Islamabad,2.8,
10-03-2016 18:51,03-10-2016 19:01,Business,Islamabad,Islamabad,1.6,
10-03-2016 22:04,03-10-2016 22:33,Business,Islamabad,Unknown Location,12.7,
10-04-2016 9:50,04-10-2016 10:52,Business,Unknown Location,Unknown Location,28.6,
10-04-2016 12:17,04-10-2016 12:18,Business,Unknown Location,Unknown Location,15.1,
10-06-2016 8:49,06-10-2016 11:36,Business,Unknown Location,R?walpindi,17.9,
10-06-2016 17:23,06-10-2016 17:40,Business,R?walpindi,Unknown Location,112.6,
10-06-2016 18:37,06-10-2016 18:39,Business,Unknown Location,Unknown Location,18.4,
10-06-2016 19:46,06-10-2016 20:26,Business,Unknown Location,Unknown Location,13.8,
10-07-2016 10:56,07-10-2016 10:59,Business,Unknown Location,Lahore,33.2,
10-07-2016 11:27,07-10-2016 11:50,Business,Lahore,Lahore,2.6,
10-07-2016 13:52,07-10-2016 14:08,Business,Lahore,Unknown Location,5.8,
10-07-2016 14:29,07-10-2016 15:11,Business,Unknown Location,Lahore,8.3,
10-07-2016 15:47,07-10-2016 16:02,Business,Lahore,Lahore,2.4,
10-07-2016 18:08,07-10-2016 18:27,Business,Lahore,Lahore,3.1,
10-07-2016 18:33,07-10-2016 19:01,Business,Lahore,Lahore,6.1,
10-08-2016 15:03,08-10-2016 15:03,Business,Karachi,Karachi,3.6,
10-08-2016 18:15,08-10-2016 18:18,Business,Karachi,Unknown Location,8,
10-09-2016 14:04,09-10-2016 14:23,Business,Unknown Location,Unknown Location,7.7,Temporary Site
10-10-2016 17:22,10-10-2016 17:28,Business,Islamabad,Islamabad,1.7,
10-10-2016 17:33,10-10-2016 18:13,Business,Islamabad,Unknown Location,9.5,
10-11-2016 1:27,11-10-2016 2:08,Business,Unknown Location,R?walpindi,17.1,Meeting
10-12-2016 19:18,12-10-2016 19:21,Business,R?walpindi,Unknown Location,18.4,
10/13/16 11:20,13-10-2016 11:58,Business,Unknown Location,Islamabad,9.8,
10/13/16 12:08,13-10-2016 12:14,Business,Islamabad,Islamabad,1,
10/13/16 13:02,13-10-2016 13:02,Business,Islamabad,Islamabad,0.7,
10/13/16 13:37,13-10-2016 13:46,Business,Islamabad,Islamabad,2.3,
10/13/16 16:08,13-10-2016 16:53,Business,Islamabad,Unknown Location,10.9,
10/14/16 8:50,14-10-2016 9:44,Business,Unknown Location,R?walpindi,12.7,
10/14/16 10:16,14-10-2016 10:52,Business,R?walpindi,Unknown Location,12.4,
10/14/16 15:56,14-10-2016 16:20,Business,Unknown Location,Unknown Location,3.8,
10/14/16 23:54,15-10-2016 2:06,Business,Unknown Location,R?walpindi,17,Meeting
10/15/16 22:28,15-10-2016 22:48,Business,Morrisville,Morrisville,6.2,
10/16/16 0:01,16-10-2016 0:14,Business,Morrisville,Cary,3.1,
10/16/16 12:52,16-10-2016 13:11,Business,Cary,Durham,10.5,Meeting
10/16/16 14:40,16-10-2016 15:01,Business,Durham,Morrisville,8.1,
10/16/16 15:10,16-10-2016 15:19,Business,Morrisville,Cary,3.1,
10/16/16 19:27,16-10-2016 19:33,Business,Whitebridge,Parkway,2.1,Meeting
10/16/16 20:30,16-10-2016 20:39,Business,Cary,Morrisville,4.3,
10/16/16 21:34,16-10-2016 21:41,Business,Morrisville,Cary,2.5,Meal/Entertain
10/17/16 15:19,17-10-2016 15:57,Business,Cary,Raleigh,20.6,
10/17/16 16:29,17-10-2016 17:11,Business,Raleigh,Cary,17.6,
10/17/16 18:02,17-10-2016 18:16,Business,Cary,Apex,5.6,
10/17/16 18:31,17-10-2016 18:45,Business,Apex,Apex,3.3,
10/17/16 19:08,17-10-2016 19:25,Business,Apex,Cary,5.3,
10/18/16 8:12,18-10-2016 8:22,Business,Whitebridge,Edgehill Farms,3.3,
10/18/16 8:53,18-10-2016 9:02,Business,Edgehill Farms,Whitebridge,3.3,
10/18/16 10:41,18-10-2016 11:09,Business,Cary,Morrisville,7.9,Temporary Site
10/18/16 18:12,18-10-2016 18:33,Business,Oakland,Emeryville,13,
10/18/16 19:03,18-10-2016 19:13,Business,Emeryville,Berkeley,3,
10/18/16 20:31,18-10-2016 20:37,Business,Berkeley,Emeryville,3,
10/19/16 9:33,19-10-2016 9:47,Business,Emeryville,Oakland,3.8,
10/19/16 9:54,19-10-2016 10:21,Business,Oakland,San Francisco,9.5,
10/19/16 13:45,19-10-2016 13:56,Business,SOMISSPO,French Quarter,1.7,
10/19/16 14:02,19-10-2016 14:31,Business,San Francisco,Berkeley,10.8,
10/19/16 15:44,19-10-2016 16:02,Business,West Berkeley,North Berkeley Hills,4.1,
10/19/16 16:06,19-10-2016 16:19,Business,North Berkeley Hills,Southside,2.2,
10/19/16 16:33,19-10-2016 17:01,Business,Berkeley,Emeryville,4.6,
10/20/16 11:26,20-10-2016 11:34,Business,Emeryville,Berkeley,3.1,
10/20/16 12:19,20-10-2016 13:17,Business,Berkeley,San Jose,47.7,
10/20/16 20:44,20-10-2016 21:37,Business,San Jose,Emeryville,44.6,
10/21/16 10:06,21-10-2016 10:21,Business,Emeryville,Oakland,13.2,
10/22/16 0:54,22-10-2016 1:09,Business,Morrisville,Cary,8.7,
10/22/16 13:26,22-10-2016 14:03,Business,Cary,Raleigh,17.2,
10/22/16 17:08,22-10-2016 17:55,Business,Raleigh,Cary,14,
10/23/16 9:24,23-10-2016 10:05,Business,Cary,Raleigh,28.1,
10/23/16 12:17,23-10-2016 12:59,Business,Raleigh,Cary,28.2,
10/23/16 19:04,23-10-2016 19:14,Business,Cary,Morrisville,3.1,Meal/Entertain
10/23/16 21:10,23-10-2016 21:25,Business,Morrisville,Cary,3.1,Customer Visit
10/24/16 14:57,24-10-2016 15:26,Business,Cary,Durham,16.4,
10/24/16 15:33,24-10-2016 16:13,Business,Durham,Morrisville,15.4,
10/24/16 16:34,24-10-2016 16:41,Business,Morrisville,Cary,2.2,
10/25/16 13:27,25-10-2016 14:08,Business,Cary,Apex,11.2,
10/25/16 15:04,25-10-2016 15:11,Business,Apex,Eagle Rock,2.2,
10/25/16 15:16,25-10-2016 15:33,Business,Eagle Rock,Cary,3.6,
10/25/16 20:00,25-10-2016 20:11,Business,Whitebridge,Savon Height,3.6,Meal/Entertain
10/25/16 20:54,25-10-2016 21:03,Business,Savon Height,Parkway,4.9,
10/25/16 22:24,25-10-2016 22:45,Business,Parkway,Whitebridge,8.7,Errand/Supplies
10/26/16 19:25,26-10-2016 19:31,Business,Whitebridge,Parkway,2.1,Meeting
10/26/16 20:53,26-10-2016 21:03,Business,Parkway,Whitebridge,2.1,
10/27/16 18:51,27-10-2016 19:16,Business,Cary,Morrisville,8.4,Meeting
10/27/16 19:20,27-10-2016 19:35,Business,Morrisville,Morrisville,5.9,
10/27/16 19:52,27-10-2016 20:21,Business,Huntington Woods,Huntington Woods,12.1,
10/27/16 20:47,27-10-2016 20:54,Business,Huntington Woods,Weston,3.9,
10/27/16 21:26,27-10-2016 21:48,Business,Morrisville,Cary,6.2,
10/28/16 11:34,28-10-2016 11:52,Business,Cary,Durham,10.4,Meeting
10/28/16 13:06,28-10-2016 13:36,Business,Durham,Cary,9.9,Meeting
10/28/16 15:53,28-10-2016 17:59,Business,Cary,Winston Salem,107,Meeting
10/28/16 18:13,28-10-2016 20:07,Business,Winston Salem,Asheville,133.6,Meeting
10/28/16 20:13,28-10-2016 22:00,Business,Asheville,Topton,91.8,Meeting
10/29/16 15:22,29-10-2016 17:05,Business,Topton,Hayesville,40.7,Meeting
10/29/16 17:13,29-10-2016 19:19,Business,Hayesville,Topton,75.7,
10/30/16 7:49,30-10-2016 8:30,Business,Topton,Bryson City,29.8,
10/30/16 9:07,30-10-2016 10:09,Business,Bryson City,Bryson City,16.3,
10/30/16 10:11,30-10-2016 10:38,Business,Bryson City,Bryson City,6.5,
10/30/16 10:51,30-10-2016 11:21,Business,Bryson City,Bryson City,6.3,
10/30/16 12:24,30-10-2016 12:35,Business,Bryson City,Almond,6.6,
10/30/16 12:58,30-10-2016 13:18,Business,Almond,Bryson City,15.2,
10/30/16 13:24,30-10-2016 14:37,Business,Bryson City,Asheville,68.4,
10/30/16 15:22,30-10-2016 18:23,Business,Asheville,Mebane,195.9,
10/30/16 18:26,30-10-2016 19:39,Business,Mebane,Cary,45.2,
10/31/16 18:11,31-10-2016 18:20,Business,Cary,Morrisville,3.2,
10/31/16 18:47,31-10-2016 19:16,Business,Morrisville,Raleigh,10.3,
10/31/16 20:18,31-10-2016 20:44,Business,Raleigh,Cary,13.1,
10/31/16 21:45,31-10-2016 22:10,Business,Savon Height,Whitebridge,9.6,Errand/Supplies
11-01-2016 11:50,01-11-2016 12:27,Business,Cary,Durham,16.5,
11-01-2016 16:29,01-11-2016 17:02,Business,Durham,Cary,12.8,
11-01-2016 17:35,01-11-2016 17:42,Business,Whitebridge,Whitebridge,1.2,
11-01-2016 19:14,01-11-2016 19:20,Business,Whitebridge,Whitebridge,1,
11-01-2016 19:59,01-11-2016 20:12,Business,Whitebridge,Whitebridge,4.1,
11-01-2016 20:41,01-11-2016 20:55,Business,Whitebridge,Whitebridge,4.2,Meal/Entertain
11-02-2016 15:10,02-11-2016 15:18,Business,Whitebridge,Westpark Place,1.4,
11-02-2016 15:45,02-11-2016 15:52,Business,Westpark Place,Whitebridge,1.8,
11-02-2016 16:46,02-11-2016 17:11,Business,Cary,Morrisville,8.5,Meeting
11-02-2016 17:34,02-11-2016 17:49,Business,Morrisville,Morrisville,5,
11-02-2016 17:53,02-11-2016 18:00,Business,Morrisville,Cary,3.8,
11-03-2016 11:28,03-11-2016 11:34,Business,Whitebridge,Hazelwood,2.5,
11-03-2016 12:43,03-11-2016 12:49,Business,Hazelwood,Whitebridge,2.4,
11-03-2016 13:42,03-11-2016 13:47,Business,Whitebridge,Westpark Place,1.4,
11-03-2016 14:13,03-11-2016 14:26,Business,Westpark Place,Whitebridge,1.8,
11-03-2016 18:51,03-11-2016 19:08,Business,Cary,Morrisville,3.1,Meal/Entertain
11-03-2016 22:46,03-11-2016 22:58,Business,Morrisville,Cary,3.1,Customer Visit
11-04-2016 10:02,04-11-2016 10:18,Business,Cary,Morrisville,7.9,Temporary Site
11-04-2016 18:14,04-11-2016 18:21,Business,San Jose,Santa Clara,3.8,
11-04-2016 21:04,04-11-2016 21:20,Business,Agnew,Cory,4.3,
11-04-2016 22:12,04-11-2016 22:25,Business,Cory,Agnew,3.9,
11-05-2016 8:34,05-11-2016 8:43,Business,Agnew,Renaissance,2.2,
11-05-2016 17:29,05-11-2016 17:40,Business,Renaissance,Agnew,2.8,
11-05-2016 19:20,05-11-2016 19:28,Business,Agnew,Agnew,2.2,
11-06-2016 10:50,06-11-2016 11:04,Business,Agnew,Renaissance,2.4,
11-06-2016 16:05,06-11-2016 16:22,Business,Renaissance,Agnew,2.8,Meeting
11-06-2016 16:27,06-11-2016 17:28,Business,Santa Clara,Berkeley,43.9,Customer Visit
11-06-2016 19:04,06-11-2016 19:12,Business,Downtown,West Berkeley,1.8,
11-06-2016 20:06,06-11-2016 20:21,Business,West Berkeley,Central,3.3,
11-07-2016 12:28,07-11-2016 12:57,Business,Berkeley,San Francisco,11.8,Between Offices
11-07-2016 19:17,07-11-2016 19:57,Business,San Francisco,Berkeley,13.2,Between Offices
11-08-2016 10:29,08-11-2016 10:57,Business,Berkeley,San Francisco,12.2,Between Offices
11-08-2016 12:16,08-11-2016 12:49,Business,San Francisco,Berkeley,11.3,Meeting
11-08-2016 13:41,08-11-2016 14:01,Business,Berkeley,Emeryville,3.6,
11-08-2016 16:21,08-11-2016 16:34,Business,Emeryville,Berkeley,3,
11-09-2016 13:08,09-11-2016 13:41,Business,Berkeley,San Francisco,11.4,
11-09-2016 15:58,09-11-2016 16:04,Business,NOMA,Downtown,0.9,
11-09-2016 17:31,09-11-2016 18:03,Business,Downtown,Sunnyside,6.2,
11-09-2016 18:09,09-11-2016 18:14,Business,Sunnyside,Ingleside,0.7,
11-09-2016 18:21,09-11-2016 18:35,Business,Ingleside,Potrero Flats,5.5,Meeting
11-09-2016 18:40,09-11-2016 19:17,Business,San Francisco,Oakland,12.7,Customer Visit
11-09-2016 20:52,09-11-2016 21:02,Business,Oakland,Berkeley,2.6,
11-09-2016 21:56,09-11-2016 22:02,Business,Central,Central,1.1,
11-10-2016 9:46,10-11-2016 10:15,Business,Berkeley,San Francisco,12.6,Temporary Site
11-10-2016 10:20,10-11-2016 10:31,Business,Tenderloin,SOMISSPO,1.2,
11-10-2016 14:57,10-11-2016 15:07,Business,SOMISSPO,Tenderloin,1.1,
11-10-2016 15:17,10-11-2016 15:22,Business,San Francisco,Oakland,9.9,Temporary Site
11-10-2016 15:30,10-11-2016 15:53,Business,Oakland,Berkeley,6,Meeting
11-10-2016 19:18,10-11-2016 19:21,Business,West Berkeley,Central,0.8,
11-11-2016 9:35,11-11-2016 10:23,Business,Berkeley,Menlo Park,45.9,Customer Visit
11-11-2016 12:58,11-11-2016 13:13,Business,Menlo Park,Palo Alto,4,
11-11-2016 14:20,11-11-2016 14:32,Business,Palo Alto,Menlo Park,2.5,
11-11-2016 14:39,11-11-2016 15:46,Business,Menlo Park,Berkeley,36.6,Customer Visit
11-11-2016 18:30,11-11-2016 18:43,Business,Central,College Avenue,2.9,
11-11-2016 21:08,11-11-2016 21:18,Business,College Avenue,Central,2.6,
11-12-2016 10:32,12-11-2016 10:52,Business,Central,South,2.3,
11-12-2016 10:55,12-11-2016 11:25,Business,South,Downtown,6.4,
11-12-2016 13:07,12-11-2016 13:15,Business,Downtown,Central,1.4,
11-12-2016 13:46,12-11-2016 13:50,Business,Central,West Berkeley,0.6,
11-12-2016 14:22,12-11-2016 14:53,Business,West Berkeley,South,5.9,Meeting
11-12-2016 15:14,12-11-2016 15:21,Business,South,Southwest Berkeley,0.8,
11-12-2016 15:25,12-11-2016 15:36,Business,Berkeley,Emeryville,1.3,
11-12-2016 15:40,12-11-2016 15:59,Business,Emeryville,Berkeley,3.7,Errand/Supplies
11/13/16 8:54,13-11-2016 9:02,Business,Central,Central,2.3,
11/13/16 9:27,13-11-2016 9:53,Business,Central,Central,2.6,
11/13/16 10:31,13-11-2016 10:37,Business,Central,Southside,1.9,
11/13/16 11:04,13-11-2016 11:16,Business,Southside,West Berkeley,2.1,
11/13/16 12:22,13-11-2016 12:51,Business,West Berkeley,Southside,4,Meeting
11/13/16 13:05,13-11-2016 13:11,Business,Southside,South Berkeley,0.9,
11/13/16 13:14,13-11-2016 13:18,Business,South Berkeley,Southside,0.9,
11/13/16 14:35,13-11-2016 14:46,Business,Southside,Central,2.4,
11/13/16 15:14,13-11-2016 15:24,Business,Central,Southside,1.9,
11/13/16 15:47,13-11-2016 15:59,Business,Southside,Central,1.9,
11/14/16 11:24,14-11-2016 12:13,Business,Berkeley,Mountain View,44.6,Customer Visit
11/14/16 13:40,14-11-2016 14:33,Business,Mountain View,Berkeley,43.6,Customer Visit
11/14/16 15:27,14-11-2016 15:36,Business,Berkeley,Emeryville,2.5,
11/14/16 20:19,14-11-2016 20:30,Business,Emeryville,Berkeley,3.7,Errand/Supplies
11/15/16 13:59,15-11-2016 14:06,Business,Berkeley,Oakland,5.1,
11/15/16 14:09,15-11-2016 14:26,Business,Oakland,San Francisco,9.7,Temporary Site
11/15/16 20:44,15-11-2016 21:00,Business,San Francisco,Berkeley,11.8,Temporary Site
11/16/16 20:21,16-11-2016 20:27,Business,Berkeley,El Cerrito,2.3,Temporary Site
11/16/16 22:52,16-11-2016 23:02,Business,El Cerrito,Berkeley,3.1,Meal/Entertain
11/17/16 10:13,17-11-2016 10:44,Business,Berkeley,Oakland,16.3,Customer Visit
11/18/16 20:09,18-11-2016 20:19,Business,Cary,Morrisville,3.1,Meal/Entertain
11/18/16 21:23,18-11-2016 21:34,Business,Morrisville,Cary,5.2,Meal/Entertain
11/18/16 21:56,18-11-2016 22:21,Business,Krendle Woods,Whitebridge,6.1,Meeting
11/19/16 13:51,19-11-2016 14:10,Business,Cary,Durham,10.3,Meeting
11/19/16 14:30,19-11-2016 14:51,Business,Durham,Cary,10.5,Meeting
11/19/16 16:01,19-11-2016 16:06,Business,Cary,Cary,1.5,
11/19/16 16:27,19-11-2016 16:41,Business,Cary,Cary,1.8,
11/19/16 17:41,19-11-2016 17:54,Business,Cary,Apex,5.4,Errand/Supplies
11/19/16 21:14,19-11-2016 21:35,Business,Apex,Cary,5.4,Customer Visit
11/20/16 10:27,20-11-2016 11:32,Business,Cary,Cary,39.2,Between Offices
11/20/16 11:58,20-11-2016 12:28,Business,Cary,Cary,6.4,Customer Visit
11/20/16 14:58,20-11-2016 15:07,Business,Cary,Cary,2.7,Meeting
11/20/16 17:45,20-11-2016 18:37,Business,Cary,Cary,18.5,Errand/Supplies
11/21/16 13:37,21-11-2016 13:49,Business,Cary,Cary,2.5,Meal/Entertain
11/21/16 14:34,21-11-2016 14:44,Business,Cary,Cary,2.1,Meal/Entertain
11/21/16 17:50,21-11-2016 18:04,Business,Cary,Unknown Location,6.7,Errand/Supplies
11/21/16 18:18,21-11-2016 18:27,Business,Unknown Location,Morrisville,3.5,Meal/Entertain
11/21/16 18:43,21-11-2016 18:51,Business,Morrisville,Cary,3.4,Errand/Supplies
11/22/16 15:12,22-11-2016 15:27,Business,Cary,Cary,5.5,Meeting
11/22/16 15:31,22-11-2016 15:44,Business,Cary,Cary,4.1,Meeting
11/22/16 15:51,22-11-2016 16:43,Business,Cary,Cary,12.7,Customer Visit
11/22/16 18:18,22-11-2016 18:28,Business,Cary,Morrisville,3,Meal/Entertain
11/22/16 21:02,22-11-2016 21:14,Business,Morrisville,Cary,3.5,Customer Visit
11/23/16 15:34,23-11-2016 15:50,Business,Cary,Cary,5.9,Meal/Entertain
11/23/16 16:18,23-11-2016 16:29,Business,Cary,Cary,1.9,
11/23/16 16:49,23-11-2016 17:00,Business,Cary,Cary,3.3,
11/23/16 18:37,23-11-2016 18:47,Business,Cary,Cary,1.3,
11/25/16 11:47,25-11-2016 12:04,Business,Cary,Durham,10.3,Meeting
11/25/16 13:13,25-11-2016 13:31,Business,Durham,Cary,11.1,Meeting
11/26/16 15:54,26-11-2016 15:59,Business,Cary,Cary,1.4,
11/26/16 17:00,26-11-2016 17:12,Business,Cary,Apex,5.1,Meeting
11/26/16 17:36,26-11-2016 17:56,Business,Apex,Holly Springs,9,Meeting
11/26/16 18:29,26-11-2016 19:04,Business,Holly Springs,Cary,13.3,Between Offices
11/26/16 19:47,26-11-2016 19:54,Business,Cary,Cary,2.5,Errand/Supplies
11/27/16 15:59,27-11-2016 16:06,Business,Cary,Morrisville,3.3,Meal/Entertain
11/27/16 18:55,27-11-2016 19:09,Business,Morrisville,Cary,2.9,
11/30/16 11:03,30-11-2016 11:34,Business,Cary,Raleigh,8.5,Customer Visit
11/30/16 11:53,30-11-2016 12:35,Business,Raleigh,Morrisville,6.7,Temporary Site
11/30/16 12:43,30-11-2016 12:53,Business,Morrisville,Cary,3.1,
12-01-2016 7:44,01-12-2016 7:59,Business,Cary,Cary,5.5,Meeting
12-01-2016 8:37,01-12-2016 8:53,Business,Cary,Cary,5.5,Errand/Supplies
12-01-2016 18:00,01-12-2016 18:12,Business,Cary,Morrisville,2.9,Meal/Entertain
12-01-2016 20:36,01-12-2016 20:46,Business,Morrisville,Cary,2.9,Customer Visit
12-02-2016 12:12,02-12-2016 12:23,Business,Cary,Apex,5.1,Meal/Entertain
12-02-2016 13:07,02-12-2016 13:22,Business,Apex,Cary,5.3,Customer Visit
12-02-2016 20:41,02-12-2016 20:48,Business,Cary,Morrisville,3.3,Meal/Entertain
12-02-2016 22:59,02-12-2016 23:07,Business,Morrisville,Cary,3,Customer Visit
12-03-2016 18:35,03-12-2016 18:56,Business,Cary,Wake Co.,6.6,Errand/Supplies
12-03-2016 19:08,03-12-2016 19:15,Business,Wake Co.,Morrisville,1.8,
12-03-2016 20:31,03-12-2016 20:41,Business,Morrisville,Cary,3,Customer Visit
12-04-2016 18:56,04-12-2016 19:03,Business,Cary,Morrisville,2.9,Meal/Entertain
12-04-2016 20:23,04-12-2016 20:34,Business,Morrisville,Cary,3.4,Customer Visit
12-05-2016 18:04,05-12-2016 18:17,Business,Cary,Cary,4.1,
12-05-2016 19:22,05-12-2016 19:37,Business,Cary,Cary,3.8,Meal/Entertain
12-07-2016 12:03,07-12-2016 12:32,Business,Cary,Cary,6.6,Meeting
12-07-2016 12:35,07-12-2016 12:46,Business,Cary,Cary,4,Meeting
12-07-2016 19:53,07-12-2016 20:13,Business,Cary,Cary,7,Customer Visit
12-07-2016 21:13,07-12-2016 21:50,Business,Cary,Cary,6.9,Meal/Entertain
12-08-2016 14:19,08-12-2016 14:32,Business,Cary,Cary,3.4,Errand/Supplies
12-08-2016 14:53,08-12-2016 15:02,Business,Cary,Cary,3.4,Errand/Supplies
12-08-2016 19:22,08-12-2016 19:27,Business,Cary,Cary,2,Meeting
12-08-2016 21:26,08-12-2016 21:31,Business,Cary,Cary,2,Errand/Supplies
12-09-2016 12:09,09-12-2016 12:24,Business,Cary,Apex,5.1,Errand/Supplies
12-09-2016 13:15,09-12-2016 13:43,Business,Apex,Cary,8.8,Temporary Site
12-09-2016 20:11,09-12-2016 20:34,Business,Cary,Cary,5.6,Meeting
12-09-2016 22:03,09-12-2016 22:57,Business,Cary,Cary,18.9,Customer Visit
12-10-2016 12:43,10-12-2016 13:16,Business,Cary,Fuquay-Varina,15.6,Meeting
12-10-2016 14:42,10-12-2016 15:18,Business,Fuquay-Varina,Cary,15.6,Errand/Supplies
12-10-2016 18:17,10-12-2016 18:27,Business,Cary,Morrisville,3,Meal/Entertain
12-10-2016 22:09,10-12-2016 22:21,Business,Morrisville,Cary,3.1,Customer Visit
12-11-2016 16:06,11-12-2016 16:16,Business,Cary,Morrisville,3,Meal/Entertain
12-11-2016 19:05,11-12-2016 19:15,Business,Morrisville,Cary,4.8,Errand/Supplies
12-11-2016 21:48,11-12-2016 21:56,Business,Cary,Cary,2.1,Errand/Supplies
12-12-2016 13:22,12-12-2016 13:32,Business,Cary,Cary,3.1,Errand/Supplies
12-12-2016 13:36,12-12-2016 13:51,Business,Cary,Apex,4.4,Meal/Entertain
12-12-2016 14:26,12-12-2016 14:39,Business,Apex,Cary,4.7,Customer Visit
12-12-2016 17:51,12-12-2016 18:01,Business,Cary,Morrisville,3,Meal/Entertain
12-12-2016 20:48,12-12-2016 20:57,Business,Morrisville,Cary,3,Customer Visit
12/13/16 18:19,13-12-2016 18:29,Business,Cary,Cary,4.2,Errand/Supplies
12/13/16 20:20,13-12-2016 20:29,Business,Cary,Cary,4.1,Meal/Entertain
12/14/16 16:52,14-12-2016 17:10,Business,Cary,Cary,3.4,
12/14/16 17:22,14-12-2016 17:34,Business,Cary,Cary,3.3,
12/14/16 17:50,14-12-2016 18:00,Business,Cary,Morrisville,3,Meal/Entertain
12/14/16 20:24,14-12-2016 20:40,Business,Morrisville,Cary,3.1,Customer Visit
12/15/16 14:20,15-12-2016 14:54,Business,Cary,Morrisville,10.6,Meeting
12/17/16 15:38,17-12-2016 16:12,Business,Unknown Location,Unknown Location,4.8,Airport/Travel
12/17/16 17:19,17-12-2016 17:59,Business,Unknown Location,Unknown Location,5.3,Temporary Site
12/18/16 13:03,18-12-2016 13:41,Business,Unknown Location,Unknown Location,4.9,Errand/Supplies
12/18/16 16:38,18-12-2016 17:25,Business,Unknown Location,Unknown Location,10.2,Errand/Supplies
12/18/16 20:35,18-12-2016 21:04,Business,Unknown Location,Unknown Location,9.2,
12/19/16 9:08,19-12-2016 9:36,Business,Unknown Location,Islamabad,7.7,Errand/Supplies
12/19/16 10:15,19-12-2016 10:34,Business,Islamabad,Rawalpindi,5.9,Temporary Site
12/19/16 13:04,19-12-2016 13:08,Business,Rawalpindi,Unknown Location,0.7,Errand/Supplies
12/19/16 13:24,19-12-2016 13:35,Business,Unknown Location,Unknown Location,1.3,
12/19/16 14:07,19-12-2016 14:15,Business,Unknown Location,Unknown Location,2.5,
12/19/16 14:18,19-12-2016 14:32,Business,Unknown Location,Unknown Location,5.3,
12/19/16 14:37,19-12-2016 14:50,Business,Unknown Location,Unknown Location,5.4,
12/19/16 15:09,19-12-2016 15:38,Business,Unknown Location,Rawalpindi,10.2,Customer Visit
12/19/16 16:50,19-12-2016 17:09,Business,Rawalpindi,Islamabad,7.2,Customer Visit
12/19/16 19:05,19-12-2016 19:17,Business,Islamabad,Unknown Location,2.2,
12/19/16 19:55,19-12-2016 20:30,Business,Unknown Location,Unknown Location,11,Meeting
12/20/16 8:49,20-12-2016 9:24,Business,Unknown Location,Rawalpindi,12,
12/20/16 10:30,20-12-2016 10:48,Business,Rawalpindi,Rawalpindi,3.3,Errand/Supplies
12/20/16 11:30,20-12-2016 12:17,Business,Rawalpindi,Unknown Location,19.4,Meeting
12/20/16 13:14,20-12-2016 13:20,Business,Unknown Location,Unknown Location,1.7,Errand/Supplies
12/20/16 13:54,20-12-2016 14:17,Business,Unknown Location,Islamabad,5.7,Temporary Site
12/20/16 16:14,20-12-2016 16:24,Business,Islamabad,Islamabad,1.8,Errand/Supplies
12/20/16 16:56,20-12-2016 17:07,Business,Islamabad,Islamabad,1.4,Errand/Supplies
12/20/16 18:47,20-12-2016 19:21,Business,Islamabad,Unknown Location,10.3,Customer Visit
12/21/16 7:42,21-12-2016 8:10,Business,Unknown Location,Unknown Location,11.5,Meeting
12/21/16 10:14,21-12-2016 10:30,Business,Unknown Location,Islamabad,4.9,Errand/Supplies
12/21/16 11:35,21-12-2016 11:49,Business,Islamabad,Unknown Location,3.5,Meal/Entertain
12/21/16 12:51,21-12-2016 13:33,Business,Unknown Location,Unknown Location,16.2,Meeting
12/21/16 15:38,21-12-2016 15:49,Business,Unknown Location,Unknown Location,2,Errand/Supplies
12/21/16 15:55,21-12-2016 16:05,Business,Unknown Location,Islamabad,2.1,Errand/Supplies
12/21/16 17:45,21-12-2016 17:54,Business,Islamabad,Islamabad,2.1,Meeting
12/21/16 17:59,21-12-2016 18:31,Business,Islamabad,Unknown Location,7.2,Customer Visit
12/21/16 19:49,21-12-2016 20:35,Business,Unknown Location,Rawalpindi,12,Meeting
12/21/16 20:56,21-12-2016 23:42,Business,Rawalpindi,Unknown Location,103,Meeting
12/22/16 15:40,22-12-2016 16:38,Business,Unknown Location,Unknown Location,32.3,Meeting
12/22/16 17:04,22-12-2016 17:20,Business,Unknown Location,Unknown Location,5.3,Customer Visit
12/22/16 17:27,22-12-2016 17:53,Business,Unknown Location,Unknown Location,11.6,Meeting
12/22/16 17:56,22-12-2016 18:29,Business,Unknown Location,Unknown Location,23.2,Meeting
12/22/16 18:31,22-12-2016 18:37,Business,Unknown Location,Unknown Location,3.2,Errand/Supplies
12/22/16 18:38,22-12-2016 18:47,Business,Unknown Location,Unknown Location,12.3,Temporary Site
12/22/16 19:04,22-12-2016 19:50,Business,Unknown Location,Lahore,14,Meeting
12/22/16 21:41,22-12-2016 21:53,Business,Lahore,Lahore,2.1,Meal/Entertain
12/22/16 23:27,22-12-2016 23:32,Business,Lahore,Lahore,2.1,Customer Visit
12/23/16 9:21,23-12-2016 9:41,Business,Lahore,Lahore,3,Meeting
12/23/16 11:33,23-12-2016 11:58,Business,Lahore,Unknown Location,6.2,Meeting
12/23/16 14:15,23-12-2016 15:25,Business,Unknown Location,Unknown Location,9.6,Meeting
12/23/16 16:23,23-12-2016 16:34,Business,Unknown Location,Unknown Location,1.3,Errand/Supplies
12/23/16 17:34,23-12-2016 18:27,Business,Unknown Location,Lahore,7.1,Meal/Entertain
12/24/16 7:43,24-12-2016 8:04,Business,Lahore,Unknown Location,6.3,Meal/Entertain
12/24/16 9:19,24-12-2016 9:55,Business,Unknown Location,Lahore,10.7,Meal/Entertain
12/24/16 10:34,24-12-2016 10:53,Business,Lahore,Lahore,5.3,Meal/Entertain
12/24/16 12:51,24-12-2016 12:53,Business,Lahore,Lahore,1.6,Errand/Supplies
12/24/16 13:08,24-12-2016 13:29,Business,Lahore,Lahore,3.6,Errand/Supplies
12/24/16 17:12,24-12-2016 17:27,Business,Lahore,Lahore,1.7,Errand/Supplies
12/24/16 19:12,24-12-2016 19:27,Business,Lahore,Lahore,2.9,Meal/Entertain
12/24/16 22:04,24-12-2016 22:09,Business,Lahore,Lahore,0.6,Errand/Supplies
12/25/16 0:10,25-12-2016 0:14,Business,Lahore,Lahore,0.6,Errand/Supplies
12/25/16 19:15,25-12-2016 19:26,Business,Lahore,Lahore,2.3,Meal/Entertain
12/25/16 21:58,25-12-2016 22:04,Business,Lahore,Lahore,2.3,Meal/Entertain
12/26/16 8:30,26-12-2016 8:41,Business,Lahore,Lahore,3.2,Meal/Entertain
12/26/16 9:05,26-12-2016 9:19,Business,Lahore,Lahore,6.2,Customer Visit
12/26/16 10:15,26-12-2016 10:36,Business,Lahore,Lahore,7.7,Customer Visit
12/26/16 11:29,26-12-2016 11:42,Business,Lahore,Lahore,3.8,Customer Visit
12/26/16 13:09,26-12-2016 13:43,Business,Lahore,Unknown Location,7.9,Meeting
12/27/16 7:02,27-12-2016 7:14,Business,Kar?chi,Kar?chi,4.9,Temporary Site
12/27/16 8:37,27-12-2016 8:59,Business,Kar?chi,Kar?chi,5,Meal/Entertain
12/27/16 12:53,27-12-2016 12:57,Business,Kar?chi,Kar?chi,0.6,Meal/Entertain
12/27/16 14:49,27-12-2016 15:03,Business,Kar?chi,Unknown Location,3.1,Customer Visit
12/27/16 16:34,27-12-2016 16:58,Business,Unknown Location,Kar?chi,7.9,Meeting
12/27/16 19:19,27-12-2016 19:50,Business,Kar?chi,Kar?chi,5.5,Customer Visit
12/28/16 8:34,28-12-2016 9:06,Business,Kar?chi,Unknown Location,10.3,Meal/Entertain
12/28/16 11:42,28-12-2016 12:12,Business,Unknown Location,Kar?chi,10.4,Errand/Supplies
12/28/16 13:53,28-12-2016 14:01,Business,Kar?chi,Kar?chi,2,Errand/Supplies
12/28/16 15:04,28-12-2016 15:39,Business,Kar?chi,Unknown Location,8.5,Meal/Entertain
12/28/16 17:02,28-12-2016 17:16,Business,Unknown Location,Kar?chi,4.4,Errand/Supplies
12/28/16 18:33,28-12-2016 18:56,Business,Kar?chi,Kar?chi,3.8,Errand/Supplies
12/28/16 22:44,28-12-2016 23:18,Business,Kar?chi,Kar?chi,5.1,Errand/Supplies
12/29/16 0:49,29-12-2016 1:06,Business,Kar?chi,Kar?chi,3.8,Errand/Supplies
12/29/16 9:44,29-12-2016 10:07,Business,Kar?chi,Unknown Location,11.6,Meal/Entertain
12/29/16 11:28,29-12-2016 12:00,Business,Unknown Location,Kar?chi,11.9,Meal/Entertain
12/29/16 12:25,29-12-2016 12:33,Business,Kar?chi,Kar?chi,1.4,Errand/Supplies
12/29/16 13:17,29-12-2016 13:24,Business,Kar?chi,Kar?chi,1.1,Errand/Supplies
12/29/16 13:56,29-12-2016 14:11,Business,Kar?chi,Kar?chi,4.1,Airport/Travel
12/29/16 14:42,29-12-2016 14:58,Business,Kar?chi,Kar?chi,6.1,Between Offices
12/29/16 15:05,29-12-2016 15:16,Business,Kar?chi,Kar?chi,1.3,Errand/Supplies
12/29/16 18:59,29-12-2016 19:14,Business,Kar?chi,Unknown Location,3,Meal/Entertain
12/29/16 19:50,29-12-2016 20:10,Business,Unknown Location,Kar?chi,4.1,Customer Visit
12/29/16 20:15,29-12-2016 20:45,Business,Kar?chi,Kar?chi,7.2,Meeting
12/29/16 20:53,29-12-2016 21:42,Business,Kar?chi,Unknown Location,6.4,
12/29/16 23:14,29-12-2016 23:47,Business,Unknown Location,Kar?chi,12.9,Meeting
12/30/16 10:15,30-12-2016 10:33,Business,Kar?chi,Kar?chi,2.8,Errand/Supplies
12/30/16 11:31,30-12-2016 11:56,Business,Kar?chi,Kar?chi,2.9,Errand/Supplies
12/30/16 15:41,30-12-2016 16:03,Business,Kar?chi,Kar?chi,4.6,Errand/Supplies
12/30/16 16:45,30-12-2016 17:08,Business,Kar?chi,Kar?chi,4.6,Meeting
12/30/16 23:06,30-12-2016 23:10,Business,Kar?chi,Kar?chi,0.8,Customer Visit
12/31/16 1:07,31-12-2016 1:14,Business,Kar?chi,Kar?chi,0.7,Meeting
12/31/16 13:24,31-12-2016 13:42,Business,Kar?chi,Unknown Location,3.9,Temporary Site
12/31/16 15:03,31-12-2016 15:38,Business,Unknown Location,Unknown Location,16.2,Meeting
12/31/16 21:32,31-12-2016 21:50,Business,Katunayake,Gampaha,6.4,Temporary Site
12/31/16 22:08,31-12-2016 23:51,Business,Gampaha,Ilukwatta,48.2,Temporary Site
Totals,,,,,12204.7,
Terms and ConditionsPrivacy Policy,,,,,,
