business_id,business_name,business_address,business_city,business_state,business_postal_code,business_latitude,business_longitude,business_location,business_phone_number,inspection_id,inspection_date,inspection_score,inspection_type,violation_id,violation_description,risk_category
5800,John Chin Elementary School,350 Broadway St,San Francisco,CA,94133,37.798,-122.403,"{'longitude': '-122.403154', 'needs_recoding': False, 'latitude': '37.798358', 'human_address': '{""address"":"""",""city"":"""",""state"":"""",""zip"":""""}'}",,5800_20171017,17-10-2017 0:00,98,Routine - Unscheduled,5800_20171017_103149,Wiping cloths not clean or properly stored or inadequate sanitizer,Low Risk
64236,Sutter Pub and Restaurant,700 Sutter St,San Francisco,CA,94102,37.789,-122.412,"{'longitude': '-122.41188', 'needs_recoding': False, 'latitude': '37.78881', 'human_address': '{""address"":"""",""city"":"""",""state"":"""",""zip"":""""}'}",,64236_20170725,25-07-2017 0:00,88,Routine - Unscheduled,64236_20170725_103133,Foods not protected from contamination,Moderate Risk
1991,SRI THAI CUISINE,4621 LINCOLN Way,San Francisco,CA,94122,37.764,-122.508,"{'longitude': '-122.507779', 'needs_recoding': False, 'latitude': '37.764073', 'human_address': '{""address"":"""",""city"":"""",""state"":"""",""zip"":""""}'}",,1991_20171129,29-11-2017 0:00,86,Routine - Unscheduled,1991_20171129_103139,Improper food storage,Low Risk
3816,Washington Bakery & Restaurant,733 Washington St,San Francisco,CA,94108,37.795,-122.406,"{'longitude': '-122.405845', 'needs_recoding': False, 'latitude': '37.795174', 'human_address': '{""address"":"""",""city"":"""",""state"":"""",""zip"":""""}'}",,3816_20160728,28-07-2016 0:00,67,Routine - Unscheduled,3816_20160728_103108,Contaminated or adulterated food,High Risk
39119,Brothers Restaurant,4128 GEARY Blvd,San Francisco,CA,94118,37.781,-122.464,"{'longitude': '-122.463762', 'needs_recoding': False, 'latitude': '37.781148', 'human_address': '{""address"":"""",""city"":"""",""state"":"""",""zip"":""""}'}",,39119_20160718,18-07-2016 0:00,79,Routine - Unscheduled,39119_20160718_103133,Foods not protected from contamination,Moderate Risk
6643,T & L FOOD MARKET,405 EDDY St,San Francisco,CA,94109,37.784,-122.414,"{'longitude': '-122.414341', 'needs_recoding': False, 'latitude': '37.783661', 'human_address': '{""address"":"""",""city"":"""",""state"":"""",""zip"":""""}'}",,6643_20160609,09-06-2016 0:00,69,Routine - Unscheduled,6643_20160609_103102,Unclean hands or improper use of gloves,High Risk
79974,"Antonelli Brothers Meat, Fish, and Poultry Inc.",3585 California St,San Francisco,CA,94118,,,,14155757413,79974_20161017,17-10-2016 0:00,94,Routine - Unscheduled,79974_20161017_103161,Low risk vermin infestation,Low Risk
1939,STARBUCKS COFFEE CO. #603,74 NEW MONTGOMERY St,San Francisco,CA,94105,37.788,-122.401,"{'longitude': '-122.400998', 'needs_recoding': False, 'latitude': '37.787838', 'human_address': '{""address"":"""",""city"":"""",""state"":"""",""zip"":""""}'}",,1939_20161214,14-12-2016 0:00,98,Routine - Unscheduled,1939_20161214_103154,Unclean or degraded floors walls or ceilings,Low Risk
68872,Jiang Ling Cuisine Restaurant,2517 SAN BRUNO Ave,San Francisco,CA,94134,37.73,-122.405,"{'longitude': '-122.404526', 'needs_recoding': False, 'latitude': '37.729985', 'human_address': '{""address"":"""",""city"":"""",""state"":"""",""zip"":""""}'}",,68872_20171212,12-12-2017 0:00,72,Routine - Unscheduled,68872_20171212_103105,Improper cooling methods,High Risk
80242,Wing Lee BBQ Restaurant,501 Clement St.,San Francisco,CA,94118,,,,,80242_20160509,09-05-2016 0:00,78,Routine - Unscheduled,80242_20160509_103149,Wiping cloths not clean or properly stored or inadequate sanitizer,Low Risk
76218,Tenderloin Market & Deli,200 Leavenworth,San Francisco,CA,94102,,,,,76218_20170313,13-03-2017 0:00,,Reinspection/Followup,,,
89686,Big Fish Little Fish Poke,121 Spear St B09,San Francisco,CA,94105,,,,,89686_20180227,27-02-2018 0:00,82,Routine - Unscheduled,89686_20180227_103120,Moderate risk food holding temperature,Moderate Risk
75448,Laguna Café,1821 Haight St,San Francisco,CA,94117,,,,,75448_20180711,11-07-2018 0:00,90,Routine - Unscheduled,75448_20180711_103119,Inadequate and inaccessible handwashing facilities,Moderate Risk
87447,The Castro Republic,2295 Market St,San Francisco,CA,94114,,,,14155930525,87447_20170830,30-08-2017 0:00,74,Routine - Unscheduled,87447_20170830_103135,No person in charge of food facility,Low Risk
7747,SAFEWAY STORE #964,4950 Mission St,San Francisco,CA,94112,37.72,-122.439,"{'longitude': '-122.438775', 'needs_recoding': False, 'latitude': '37.71954', 'human_address': '{""address"":"""",""city"":"""",""state"":"""",""zip"":""""}'}",14155587200,7747_20160624,24-06-2016 0:00,,Complaint,,,
79414,Home Plate,2274 Lombard St,San Francisco,CA,94123,,,,,79414_20161017,17-10-2016 0:00,67,Routine - Unscheduled,79414_20161017_103103,High risk food holding temperature,High Risk
509,Cafe Bakery,1365 Noriega St,San Francisco,CA,94122,37.754,-122.478,"{'longitude': '-122.478248', 'needs_recoding': False, 'latitude': '37.75409', 'human_address': '{""address"":"""",""city"":"""",""state"":"""",""zip"":""""}'}",,509_20160328,28-03-2016 0:00,,Reinspection/Followup,,,
5862,MARTIN L. KING MIDDLE SCHOOL,350 GIRARD St,San Francisco,CA,94134,37.728,-122.405,"{'longitude': '-122.404921', 'needs_recoding': False, 'latitude': '37.728088', 'human_address': '{""address"":"""",""city"":"""",""state"":"""",""zip"":""""}'}",,5862_20150923,23-09-2015 0:00,100,Routine - Unscheduled,,,
1204,ROYAL GROUND COFFEE,5301 GEARY Blvd,San Francisco,CA,94121,37.78,-122.476,"{'longitude': '-122.47641', 'needs_recoding': False, 'latitude': '37.780394', 'human_address': '{""address"":"""",""city"":"""",""state"":"""",""zip"":""""}'}",,1204_20171222,22-12-2017 0:00,,New Construction,,,
71131,Rico Pan,5488 MISSION St,San Francisco,CA,94112,37.713,-122.445,"{'longitude': '-122.44456', 'needs_recoding': False, 'latitude': '37.71291', 'human_address': '{""address"":"""",""city"":"""",""state"":"""",""zip"":""""}'}",,71131_20161005,05-10-2016 0:00,81,Routine - Unscheduled,71131_20161005_103154,Unclean or degraded floors walls or ceilings,Low Risk
87620,Dolores Park Outpost,698 Guerrero St,San Francisco,CA,94110,,,,14155378648,87620_20171006,06-10-2017 0:00,,Complaint,,,
61861,SO,1010 BRYANT St,San Francisco,CA,94103,37.772,-122.407,"{'longitude': '-122.407339', 'needs_recoding': False, 'latitude': '37.772264', 'human_address': '{""address"":"""",""city"":"""",""state"":"""",""zip"":""""}'}",,61861_20171214,14-12-2017 0:00,85,Routine - Unscheduled,61861_20171214_103105,Improper cooling methods,High Risk
4421,Crepe Cafe,Pier 39 Space D-3,San Francisco,CA,94133,37.808,-122.41,"{'longitude': '-122.410189', 'needs_recoding': False, 'latitude': '37.80824', 'human_address': '{""address"":"""",""city"":"""",""state"":"""",""zip"":""""}'}",,4421_20180326,26-03-2018 0:00,86,Routine - Unscheduled,4421_20180326_103144,Unapproved or unmaintained equipment or utensils,Low Risk
80591,L & G Vietnamese Sandwich,602 Eddy St,San Francisco,CA,94109,,,,14155886402,80591_20171024,24-10-2017 0:00,71,Routine - Unscheduled,80591_20171024_103154,Unclean or degraded floors walls or ceilings,Low Risk
86990,Allstars Cafe Inc,1500 Market St,San Francisco,CA,94102,,,,14155259888,86990_20170829,29-08-2017 0:00,83,Routine - Unscheduled,86990_20170829_103119,Inadequate and inaccessible handwashing facilities,Moderate Risk
74866,Tacolicious,1548 Stockton St,San Francisco,CA,94133,,,,,74866_20170508,08-05-2017 0:00,,Complaint,74866_20170508_103144,Unapproved or unmaintained equipment or utensils,Low Risk
86780,Peet's Coffee & Tea,121 Spear St,San Francisco,CA,94105,,,,14150868663,86780_20170327,27-03-2017 0:00,96,Routine - Unscheduled,86780_20170327_103119,Inadequate and inaccessible handwashing facilities,Moderate Risk
79196,Veraci Pizza,32 06th St,San Francisco,CA,94103,,,,,79196_20170223,23-02-2017 0:00,79,Routine - Unscheduled,79196_20170223_103124,Inadequately cleaned or sanitized food contact surfaces,Moderate Risk
81680,Sharetea,135 04th St,San Francisco,CA,94103,,,,14155220888,81680_20160331,31-03-2016 0:00,92,Routine - Unscheduled,81680_20160331_103120,Moderate risk food holding temperature,Moderate Risk
63210,Let's Be Frank,Justin Herman Plaza,San Francisco,CA,,37.777,-122.42,"{'longitude': '-122.419639', 'needs_recoding': False, 'latitude': '37.777122', 'human_address': '{""address"":"""",""city"":"""",""state"":"""",""zip"":""""}'}",,63210_20160513,13-05-2016 0:00,96,Routine - Unscheduled,63210_20160513_103116,Inadequate food safety knowledge or lack of certified food safety manager,Moderate Risk
1031,IL BORGO,500 FELL St,San Francisco,CA,94102,37.776,-122.426,"{'longitude': '-122.426264', 'needs_recoding': False, 'latitude': '37.775538', 'human_address': '{""address"":"""",""city"":"""",""state"":"""",""zip"":""""}'}",,1031_20180328,28-03-2018 0:00,85,Routine - Unscheduled,1031_20180328_103131,Moderate risk vermin infestation,Moderate Risk
85824,Boss Supermarket,2551 Noriega St,San Francisco,CA,94122,,,,14155515390,85824_20171003,03-10-2017 0:00,82,Routine - Unscheduled,85824_20171003_103124,Inadequately cleaned or sanitized food contact surfaces,Moderate Risk
78965,Dragoneats,555 Folsom St,San Francisco,CA,94105,,,,,78965_20170712,12-07-2017 0:00,,Non-inspection site visit,,,
2418,MANIVANH THAI RESTAURANT,2732 24th St,San Francisco,CA,94110,37.753,-122.407,"{'longitude': '-122.407062', 'needs_recoding': False, 'latitude': '37.752968', 'human_address': '{""address"":"""",""city"":"""",""state"":"""",""zip"":""""}'}",,2418_20170328,28-03-2017 0:00,85,Routine - Unscheduled,2418_20170328_103154,Unclean or degraded floors walls or ceilings,Low Risk
33916,Extreme Pizza,1062 Folsom St,San Francisco,CA,94103,37.777,-122.407,"{'longitude': '-122.407108', 'needs_recoding': False, 'latitude': '37.777374', 'human_address': '{""address"":"""",""city"":"""",""state"":"""",""zip"":""""}'}",,33916_20160823,23-08-2016 0:00,80,Routine - Unscheduled,33916_20160823_103153,Inadequate dressing rooms or improper storage of personal items,Low Risk
89338,Nabe,2151 Lombard St,San Francisco,CA,94123,,,,,89338_20161019,19-10-2016 0:00,,New Construction,,,
2808,NEW EMMY'S RESTAURANT,1923 OCEAN Ave,San Francisco,CA,94127,37.725,-122.463,"{'longitude': '-122.462776', 'needs_recoding': False, 'latitude': '37.725404', 'human_address': '{""address"":"""",""city"":"""",""state"":"""",""zip"":""""}'}",14155728615,2808_20160520,20-05-2016 0:00,,Reinspection/Followup,2808_20160520_103154,Unclean or degraded floors walls or ceilings,Low Risk
64682,Straw,203 Octavia St,San Francisco,CA,94102,37.774,-122.424,"{'longitude': '-122.42419', 'needs_recoding': False, 'latitude': '37.773928', 'human_address': '{""address"":"""",""city"":"""",""state"":"""",""zip"":""""}'}",,64682_20160129,29-01-2016 0:00,86,Routine - Unscheduled,64682_20160129_103142,Unclean nonfood contact surfaces,Low Risk
6718,General Nutrition #302,576 Market St,San Francisco,CA,94104,37.789,-122.401,"{'longitude': '-122.401309', 'needs_recoding': False, 'latitude': '37.789353', 'human_address': '{""address"":"""",""city"":"""",""state"":"""",""zip"":""""}'}",,6718_20170620,20-06-2017 0:00,85,Routine - Unscheduled,6718_20170620_103154,Unclean or degraded floors walls or ceilings,Low Risk
81116,Dragon Beaux,5700 Geary Blvd,San Francisco,CA,94121,,,,,81116_20150918,18-09-2015 0:00,,Reinspection/Followup,,,
2280,SAKANA BUNE RESTAURANT,5701 GEARY Blvd,San Francisco,CA,94121,37.78,-122.481,"{'longitude': '-122.480599', 'needs_recoding': False, 'latitude': '37.780204', 'human_address': '{""address"":"""",""city"":"""",""state"":"""",""zip"":""""}'}",,2280_20180222,22-02-2018 0:00,83,Routine - Unscheduled,2280_20180222_103109,Unclean or unsanitary food contact surfaces,High Risk
36473,Maggie Cafe,848 Grant Ave,San Francisco,CA,94108,37.795,-122.406,"{'longitude': '-122.406356', 'needs_recoding': False, 'latitude': '37.794898', 'human_address': '{""address"":"""",""city"":"""",""state"":"""",""zip"":""""}'}",,36473_20151202,02-12-2015 0:00,88,Routine - Unscheduled,36473_20151202_103119,Inadequate and inaccessible handwashing facilities,Moderate Risk
88326,Live Oak School,1555 Mariposa St,San Francisco,CA,94107,,,,14155564723,88326_20160826,26-08-2016 0:00,,New Construction,,,
87021,Southern Comfort Kitchen,Off The Grid,San Francisco,CA,,,,,,87021_20180305,05-03-2018 0:00,,Structural Inspection,,,
6348,Castro Street Chevron,2399 Market St,San Francisco,CA,94114,37.763,-122.435,"{'longitude': '-122.434755', 'needs_recoding': False, 'latitude': '37.762857', 'human_address': '{""address"":"""",""city"":"""",""state"":"""",""zip"":""""}'}",14155622570,6348_20151224,24-12-2015 0:00,100,Routine - Unscheduled,,,
78328,Golden Wok,295 B Orizaba Ave,San Francisco,CA,94132,,,,14155588000,78328_20170720,20-07-2017 0:00,,Complaint,78328_20170720_103102,Unclean hands or improper use of gloves,High Risk
61959,Expressions Snack Bar,Pier 41,San Francisco,CA,94133,37.808,-122.412,"{'longitude': '-122.412', 'needs_recoding': False, 'latitude': '37.808494', 'human_address': '{""address"":"""",""city"":"""",""state"":"""",""zip"":""""}'}",14155670266,61959_20171030,30-10-2017 0:00,96,Routine - Unscheduled,61959_20171030_103138,Improper storage use or identification of toxic substances,Low Risk
5104,In-N-Out Burger,333 Jefferson St,San Francisco,CA,94133,37.808,-122.418,"{'longitude': '-122.417887', 'needs_recoding': False, 'latitude': '37.807923', 'human_address': '{""address"":"""",""city"":"""",""state"":"""",""zip"":""""}'}",,5104_20160630,30-06-2016 0:00,98,Routine - Unscheduled,5104_20160630_103156,Permit license or inspection report not posted,Low Risk
79206,Pho Express,380 Bush St #4,San Francisco,CA,94104,,,,,79206_20180629,29-06-2018 0:00,,Reinspection/Followup,,,
57698,China Fun Express,211 Kearny St,San Francisco,CA,94108,37.79,-122.404,"{'longitude': '-122.403915', 'needs_recoding': False, 'latitude': '37.790055', 'human_address': '{""address"":"""",""city"":"""",""state"":"""",""zip"":""""}'}",,57698_20160303,03-03-2016 0:00,78,Routine - Unscheduled,57698_20160303_103120,Moderate risk food holding temperature,Moderate Risk
86261,Taqueria Dos Charros,55 Cambon Dr,San Francisco,CA,94132,,,,14155336075,86261_20160229,29-02-2016 0:00,,New Ownership,86261_20160229_103107,Improper reheating of food,High Risk
81886,Cafe Broadway,674 Broadway St,San Francisco,CA,94133,,,,,81886_20180418,18-04-2018 0:00,76,Routine - Unscheduled,81886_20180418_103144,Unapproved or unmaintained equipment or utensils,Low Risk
1398,YUMMA'S MED GRILL,721 IRVING St,San Francisco,CA,94122,37.764,-122.466,"{'longitude': '-122.465539', 'needs_recoding': False, 'latitude': '37.764053', 'human_address': '{""address"":"""",""city"":"""",""state"":"""",""zip"":""""}'}",,1398_20160609,09-06-2016 0:00,96,Routine - Unscheduled,1398_20160609_103116,Inadequate food safety knowledge or lack of certified food safety manager,Moderate Risk
93607,Boos Voni,5170 Mission St,San Francisco,CA,94112,,,,,93607_20171116,16-11-2017 0:00,,New Ownership,,,
27821,Duboce Park Cafe,2 Sanchez St,San Francisco,CA,94114,37.769,-122.431,"{'longitude': '-122.431407', 'needs_recoding': False, 'latitude': '37.769305', 'human_address': '{""address"":"""",""city"":"""",""state"":"""",""zip"":""""}'}",,27821_20180720,20-07-2018 0:00,,Reinspection/Followup,,,
80121,West Coast Wine & Cheese,2165 Union St,San Francisco,CA,94123,,,,,80121_20161108,08-11-2016 0:00,92,Routine - Unscheduled,80121_20161108_103133,Foods not protected from contamination,Moderate Risk
1615,Starbucks Coffee,27 Drumm St,San Francisco,CA,94111,37.794,-122.397,"{'longitude': '-122.396524', 'needs_recoding': False, 'latitude': '37.794184', 'human_address': '{""address"":"""",""city"":"""",""state"":"""",""zip"":""""}'}",,1615_20160504,04-05-2016 0:00,98,Routine - Unscheduled,1615_20160504_103154,Unclean or degraded floors walls or ceilings,Low Risk
4804,SUBWAY #31419,2599 SAN BRUNO Ave,San Francisco,CA,94134,37.729,-122.404,"{'longitude': '-122.40413', 'needs_recoding': False, 'latitude': '37.728933', 'human_address': '{""address"":"""",""city"":"""",""state"":"""",""zip"":""""}'}",14150540880,4804_20160627,27-06-2016 0:00,,Complaint,4804_20160627_103116,Inadequate food safety knowledge or lack of certified food safety manager,Moderate Risk
7747,SAFEWAY STORE #964,4950 Mission St,San Francisco,CA,94112,37.72,-122.439,"{'longitude': '-122.438775', 'needs_recoding': False, 'latitude': '37.71954', 'human_address': '{""address"":"""",""city"":"""",""state"":"""",""zip"":""""}'}",14155587200,7747_20160609,09-06-2016 0:00,81,Routine - Unscheduled,7747_20160609_103144,Unapproved or unmaintained equipment or utensils,Low Risk
68872,Jiang Ling Cuisine Restaurant,2517 SAN BRUNO Ave,San Francisco,CA,94134,37.73,-122.405,"{'longitude': '-122.404526', 'needs_recoding': False, 'latitude': '37.729985', 'human_address': '{""address"":"""",""city"":"""",""state"":"""",""zip"":""""}'}",,68872_20160916,16-09-2016 0:00,74,Routine - Unscheduled,68872_20160916_103149,Wiping cloths not clean or properly stored or inadequate sanitizer,Low Risk
83423,Carbon Grill,852 Clement St,San Francisco,CA,94118,,,,,83423_20170328,28-03-2017 0:00,75,Routine - Unscheduled,83423_20170328_103132,Improper thawing methods,Moderate Risk
89640,The Bindery,1727 Haight St,San Francisco,CA,94117,,,,,89640_20171023,23-10-2017 0:00,,New Ownership,,,
33914,Subway 30303,3911 Alemany Bl.,San Francisco,CA,94132,37.711,-122.468,"{'longitude': '-122.46779', 'needs_recoding': False, 'latitude': '37.711185', 'human_address': '{""address"":"""",""city"":"""",""state"":"""",""zip"":""""}'}",,33914_20160216,16-02-2016 0:00,92,Routine - Unscheduled,33914_20160216_103144,Unapproved or unmaintained equipment or utensils,Low Risk
1296,TAQUERIA EL BUEN SABOR,699 VALENCIA St,San Francisco,CA,94112,37.762,-122.421,"{'longitude': '-122.421492', 'needs_recoding': False, 'latitude': '37.761743', 'human_address': '{""address"":"""",""city"":"""",""state"":"""",""zip"":""""}'}",14155588745,1296_20170926,26-09-2017 0:00,83,Routine - Unscheduled,1296_20170926_103154,Unclean or degraded floors walls or ceilings,Low Risk
86658,Clay Oven Indian Cuisine,1689 Church St,San Francisco,CA,94131,,,,14155822400,86658_20180702,02-07-2018 0:00,80,Routine - Unscheduled,86658_20180702_103144,Unapproved or unmaintained equipment or utensils,Low Risk
83436,San Francisco Marriott Union Square - Main Kitchen,480 Sutter St 1st Floor,San Francisco,CA,94108,,,,,83436_20160628,28-06-2016 0:00,92,Routine - Unscheduled,83436_20160628_103124,Inadequately cleaned or sanitized food contact surfaces,Moderate Risk
3676,Chinatown Restaurant,744 Washington St,San Francisco,CA,94108,37.795,-122.406,"{'longitude': '-122.405943', 'needs_recoding': False, 'latitude': '37.795248', 'human_address': '{""address"":"""",""city"":"""",""state"":"""",""zip"":""""}'}",,3676_20160107,07-01-2016 0:00,76,Routine - Unscheduled,3676_20160107_103131,Moderate risk vermin infestation,Moderate Risk
2216,Hong Kong Clay Pot City Restaurant,960 Grant Ave,San Francisco,CA,94108,37.796,-122.407,"{'longitude': '-122.406557', 'needs_recoding': False, 'latitude': '37.795868', 'human_address': '{""address"":"""",""city"":"""",""state"":"""",""zip"":""""}'}",,2216_20170103,03-01-2017 0:00,77,Routine - Unscheduled,2216_20170103_103154,Unclean or degraded floors walls or ceilings,Low Risk
3529,Great Eastern Restaurant,649 Jackson St,San Francisco,CA,94133,37.796,-122.406,"{'longitude': '-122.405918', 'needs_recoding': False, 'latitude': '37.796093', 'human_address': '{""address"":"""",""city"":"""",""state"":"""",""zip"":""""}'}",,3529_20171213,13-12-2017 0:00,83,Routine - Unscheduled,3529_20171213_103149,Wiping cloths not clean or properly stored or inadequate sanitizer,Low Risk
2750,HAMANO SUSHI,1332 CASTRO St,San Francisco,CA,94114,37.751,-122.434,"{'longitude': '-122.434065', 'needs_recoding': False, 'latitude': '37.750778', 'human_address': '{""address"":"""",""city"":"""",""state"":"""",""zip"":""""}'}",14155820825,2750_20170823,23-08-2017 0:00,84,Routine - Unscheduled,2750_20170823_103133,Foods not protected from contamination,Moderate Risk
7759,PASITA'S BAKERY,10 PERSIA Ave,San Francisco,CA,94112,37.723,-122.436,"{'longitude': '-122.435983', 'needs_recoding': False, 'latitude': '37.723086', 'human_address': '{""address"":"""",""city"":"""",""state"":"""",""zip"":""""}'}",,7759_20160804,04-08-2016 0:00,,Reinspection/Followup,,,
34676,Golden Kim Tar Restaurant,434 Larkin St,San Francisco,CA,94102,37.782,-122.417,"{'longitude': '-122.417147', 'needs_recoding': False, 'latitude': '37.781786', 'human_address': '{""address"":"""",""city"":"""",""state"":"""",""zip"":""""}'}",,34676_20171005,05-10-2017 0:00,68,Routine - Unscheduled,34676_20171005_103139,Improper food storage,Low Risk
68263,MV Taurus,Pier 41,San Francisco,CA,94133,37.808,-122.412,"{'longitude': '-122.412', 'needs_recoding': False, 'latitude': '37.808494', 'human_address': '{""address"":"""",""city"":"""",""state"":"""",""zip"":""""}'}",,68263_20160518,18-05-2016 0:00,100,Routine - Unscheduled,,,
18126,Tacos San Buena,768 Sansome St,San Francisco,CA,94111,37.797,-122.402,"{'longitude': '-122.401957', 'needs_recoding': False, 'latitude': '37.797327', 'human_address': '{""address"":"""",""city"":"""",""state"":"""",""zip"":""""}'}",,18126_20170127,27-01-2017 0:00,,Structural Inspection,,,
83351,City Super,1108 Stockton St,San Francisco,CA,94133,,,,,83351_20171127,27-11-2017 0:00,78,Routine - Unscheduled,83351_20171127_103150,Improper or defective plumbing,Low Risk
77731,Souvla,517 Hayes St,San Francisco,CA,94102,,,,,77731_20170403,03-04-2017 0:00,89,Routine - Unscheduled,77731_20170403_103124,Inadequately cleaned or sanitized food contact surfaces,Moderate Risk
69792,Samiramis Imports,2990 MISSION St,San Francisco,CA,94110,37.749,-122.418,"{'longitude': '-122.418224', 'needs_recoding': False, 'latitude': '37.74923', 'human_address': '{""address"":"""",""city"":"""",""state"":"""",""zip"":""""}'}",14155826555,69792_20161110,10-11-2016 0:00,,Reinspection/Followup,,,
1641,MARTHA & BROS. COFFEE CO,1551 Church St,San Francisco,CA,94131,37.746,-122.427,"{'longitude': '-122.426856', 'needs_recoding': False, 'latitude': '37.745974', 'human_address': '{""address"":"""",""city"":"""",""state"":"""",""zip"":""""}'}",14155641166,1641_20170707,07-07-2017 0:00,,Reinspection/Followup,1641_20170707_103120,Moderate risk food holding temperature,Moderate Risk
1598,Cafe Bean,800 Sutter St,San Francisco,CA,94109,37.789,-122.414,"{'longitude': '-122.413795', 'needs_recoding': False, 'latitude': '37.788587', 'human_address': '{""address"":"""",""city"":"""",""state"":"""",""zip"":""""}'}",,1598_20170417,17-04-2017 0:00,80,Routine - Unscheduled,1598_20170417_103144,Unapproved or unmaintained equipment or utensils,Low Risk
90839,The Grove - Design District,65 Division St.,San Francisco,CA,94103,,,,,90839_20180427,27-04-2018 0:00,96,Routine - Unscheduled,90839_20180427_103124,Inadequately cleaned or sanitized food contact surfaces,Moderate Risk
4917,LA VICTORIA BAKERY,2937 24th St,San Francisco,CA,94110,37.752,-122.411,"{'longitude': '-122.410876', 'needs_recoding': False, 'latitude': '37.752373', 'human_address': '{""address"":"""",""city"":"""",""state"":"""",""zip"":""""}'}",14155647120,4917_20160906,06-09-2016 0:00,78,Routine - Unscheduled,4917_20160906_103156,Permit license or inspection report not posted,Low Risk
5880,Francisco Middle School,2190 Powell St,San Francisco,CA,94133,37.804,-122.412,"{'longitude': '-122.411617', 'needs_recoding': False, 'latitude': '37.804368', 'human_address': '{""address"":"""",""city"":"""",""state"":"""",""zip"":""""}'}",,5880_20180214,14-02-2018 0:00,94,Routine - Unscheduled,5880_20180214_103144,Unapproved or unmaintained equipment or utensils,Low Risk
36687,Jay's Cheesesteak,3285 21st St,San Francisco,CA,94110,37.757,-122.421,"{'longitude': '-122.420849', 'needs_recoding': False, 'latitude': '37.756893', 'human_address': '{""address"":"""",""city"":"""",""state"":"""",""zip"":""""}'}",,36687_20170721,21-07-2017 0:00,,Reinspection/Followup,,,
67565,King of Thai Noodles Cafe,1541 TARAVAL St,San Francisco,CA,94116,37.743,-122.483,"{'longitude': '-122.482819', 'needs_recoding': False, 'latitude': '37.742703', 'human_address': '{""address"":"""",""city"":"""",""state"":"""",""zip"":""""}'}",,67565_20161212,12-12-2016 0:00,81,Routine - Unscheduled,67565_20161212_103132,Improper thawing methods,Moderate Risk
82466,Tanuki Restaurant,4419 California St,San Francisco,CA,94118,,,,,82466_20180828,28-08-2018 0:00,94,Routine - Unscheduled,82466_20180828_103142,Unclean nonfood contact surfaces,Low Risk
19379,Andersen Bakery,50 Post St #1,San Francisco,CA,94104,37.789,-122.403,"{'longitude': '-122.402861', 'needs_recoding': False, 'latitude': '37.789064', 'human_address': '{""address"":"""",""city"":"""",""state"":"""",""zip"":""""}'}",,19379_20171114,14-11-2017 0:00,90,Routine - Unscheduled,19379_20171114_103119,Inadequate and inaccessible handwashing facilities,Moderate Risk
950,IRVING PIZZA,1825 IRVING St,San Francisco,CA,94122,37.764,-122.478,"{'longitude': '-122.47764', 'needs_recoding': False, 'latitude': '37.763513', 'human_address': '{""address"":"""",""city"":"""",""state"":"""",""zip"":""""}'}",,950_20160531,31-05-2016 0:00,92,Routine - Unscheduled,950_20160531_103121,Inadequate procedures or records for time as a public health control,Moderate Risk
86276,Contrada,2136 Union St,San Francisco,CA,94123,,,,,86276_20161110,10-11-2016 0:00,,New Construction,,,
83655,Bellissimo Pizza,920 Sutter St,San Francisco,CA,94109,,,,,83655_20160714,14-07-2016 0:00,88,Routine - Unscheduled,83655_20160714_103124,Inadequately cleaned or sanitized food contact surfaces,Moderate Risk
3621,JIM'S RESTAURANT,2420 MISSION St,San Francisco,CA,94110,37.758,-122.419,"{'longitude': '-122.419081', 'needs_recoding': False, 'latitude': '37.758271', 'human_address': '{""address"":"""",""city"":"""",""state"":"""",""zip"":""""}'}",14155286020,3621_20180504,04-05-2018 0:00,,Reinspection/Followup,,,
3642,ABSINTHE PASTRY,201 IVY St,San Francisco,CA,94102,37.777,-122.421,"{'longitude': '-122.421458', 'needs_recoding': False, 'latitude': '37.777492', 'human_address': '{""address"":"""",""city"":"""",""state"":"""",""zip"":""""}'}",,3642_20170510,10-05-2017 0:00,92,Routine - Unscheduled,3642_20170510_103142,Unclean nonfood contact surfaces,Low Risk
78220,Howard & 6th Street Food Market Inc.,1000 Howard St,San Francisco,CA,94103,,,,,78220_20161005,05-10-2016 0:00,92,Routine - Unscheduled,78220_20161005_103144,Unapproved or unmaintained equipment or utensils,Low Risk
935,PEKING WOK RESTAURANT,4920 03rd St,San Francisco,CA,94124,37.734,-122.391,"{'longitude': '-122.391183', 'needs_recoding': False, 'latitude': '37.733891', 'human_address': '{""address"":"""",""city"":"""",""state"":"""",""zip"":""""}'}",,935_20150928,28-09-2015 0:00,85,Routine - Unscheduled,935_20150928_103133,Foods not protected from contamination,Moderate Risk
33940,The Good Life Grocery,1524 20th St,San Francisco,CA,94107,37.76,-122.397,"{'longitude': '-122.396813', 'needs_recoding': False, 'latitude': '37.760018', 'human_address': '{""address"":"""",""city"":"""",""state"":"""",""zip"":""""}'}",,33940_20180130,30-01-2018 0:00,90,Routine - Unscheduled,33940_20180130_103139,Improper food storage,Low Risk
37482,Bursa,60 West Portal Ave.,San Francisco,CA,94127,37.74,-122.467,"{'longitude': '-122.466569', 'needs_recoding': False, 'latitude': '37.740144', 'human_address': '{""address"":"""",""city"":"""",""state"":"""",""zip"":""""}'}",,37482_20180222,22-02-2018 0:00,92,Routine - Unscheduled,37482_20180222_103120,Moderate risk food holding temperature,Moderate Risk
83351,City Super,1108 Stockton St,San Francisco,CA,94133,,,,,83351_20160316,16-03-2016 0:00,77,Routine - Unscheduled,83351_20160316_103119,Inadequate and inaccessible handwashing facilities,Moderate Risk
78332,Hot Pot Island,5512 Geary Blvd,San Francisco,CA,94121,,,,,78332_20170818,18-08-2017 0:00,76,Routine - Unscheduled,78332_20170818_103103,High risk food holding temperature,High Risk
58673,New Luen Sing Fish Market,1207 Stockton St,San Francisco,CA,94133,37.797,-122.409,"{'longitude': '-122.408504', 'needs_recoding': False, 'latitude': '37.796973', 'human_address': '{""address"":"""",""city"":"""",""state"":"""",""zip"":""""}'}",,58673_20171206,06-12-2017 0:00,84,Routine - Unscheduled,58673_20171206_103144,Unapproved or unmaintained equipment or utensils,Low Risk
95117,95117 Premium Commissary Room,24 Willie Mays Pl Field Level,San Francisco,CA,94107,,,,,95117_20180326,26-03-2018 0:00,96,Routine - Unscheduled,95117_20180326_103120,Moderate risk food holding temperature,Moderate Risk
78934,Koja Kitchen CA01,343 Clement St,San Francisco,CA,94118,,,,,78934_20160706,06-07-2016 0:00,,Reinspection/Followup,,,
67448,Soo Fong Restaurant,3801 03rd St 370,San Francisco,CA,94124,37.742,-122.388,"{'longitude': '-122.388098', 'needs_recoding': False, 'latitude': '37.741829', 'human_address': '{""address"":"""",""city"":"""",""state"":"""",""zip"":""""}'}",,67448_20170620,20-06-2017 0:00,75,Routine - Unscheduled,67448_20170620_103102,Unclean hands or improper use of gloves,High Risk
69694,Split Bread,145 04th St,San Francisco,CA,94103,37.784,-122.404,"{'longitude': '-122.403513', 'needs_recoding': False, 'latitude': '37.783984', 'human_address': '{""address"":"""",""city"":"""",""state"":"""",""zip"":""""}'}",,69694_20180323,23-03-2018 0:00,,Reinspection/Followup,,,
86766,Coffee Cultures SOMA,1301 Mission St.,San Francisco,CA,94103,,,,,86766_20180212,12-02-2018 0:00,90,Routine - Unscheduled,86766_20180212_103157,Food safety certificate or food handler card not available,Low Risk
71287,Glaze Teriyaki,1946 FILLMORE St,San Francisco,CA,94115,37.788,-122.434,"{'longitude': '-122.433557', 'needs_recoding': False, 'latitude': '37.787778', 'human_address': '{""address"":"""",""city"":"""",""state"":"""",""zip"":""""}'}",14155779878,71287_20180110,10-01-2018 0:00,86,Routine - Unscheduled,71287_20180110_103150,Improper or defective plumbing,Low Risk
32556,Seal Rock Inn Restaurant,545 Point Lobos Ave,San Francisco,CA,94121,37.78,-122.509,"{'longitude': '-122.509128', 'needs_recoding': False, 'latitude': '37.779853', 'human_address': '{""address"":"""",""city"":"""",""state"":"""",""zip"":""""}'}",,32556_20180620,20-06-2018 0:00,77,Routine - Unscheduled,32556_20180620_103133,Foods not protected from contamination,Moderate Risk
91934,"Keep It, Inc.",1170 Powell St,San Francisco,CA,94108,,,,,91934_20171026,26-10-2017 0:00,,New Construction,,,
85908,Yummy Sticks,428 11th St,San Francisco,CA,94103,,,,,85908_20160618,18-06-2016 0:00,81,Routine - Unscheduled,85908_20160618_103120,Moderate risk food holding temperature,Moderate Risk
2721,Red Jade Restaurant,245 Church St.,San Francisco,CA,94114,37.767,-122.429,"{'longitude': '-122.428846', 'needs_recoding': False, 'latitude': '37.766814', 'human_address': '{""address"":"""",""city"":"""",""state"":"""",""zip"":""""}'}",,2721_20170816,16-08-2017 0:00,80,Routine - Unscheduled,2721_20170816_103103,High risk food holding temperature,High Risk
1994,EL POLLO SUPREMO,5210 MISSION St,San Francisco,CA,94112,37.715,-122.442,"{'longitude': '-122.441846', 'needs_recoding': False, 'latitude': '37.715469', 'human_address': '{""address"":"""",""city"":"""",""state"":"""",""zip"":""""}'}",14155335750,1994_20180712,12-07-2018 0:00,,Complaint,,,
91989,Kuma Sushi + Sake,1040 Polk St,San Francisco,CA,94109,,,,,91989_20170803,03-08-2017 0:00,,Non-inspection site visit,,,
1867,Escape From New York Pizza,333 Bush St #103,San Francisco,CA,94104,37.791,-122.403,"{'longitude': '-122.403168', 'needs_recoding': False, 'latitude': '37.790844', 'human_address': '{""address"":"""",""city"":"""",""state"":"""",""zip"":""""}'}",,1867_20160412,12-04-2016 0:00,94,Routine - Unscheduled,1867_20160412_103162,Other low risk violation,Low Risk
38231,Wines of California Wine Bar,Pier 39 Space N-111,San Francisco,CA,94133,37.808,-122.41,"{'longitude': '-122.410189', 'needs_recoding': False, 'latitude': '37.80824', 'human_address': '{""address"":"""",""city"":"""",""state"":"""",""zip"":""""}'}",,38231_20180328,28-03-2018 0:00,92,Routine - Unscheduled,38231_20180328_103150,Improper or defective plumbing,Low Risk
69909,T & L Liquor Store Inc.,3168 MISSION St,San Francisco,CA,94110,37.746,-122.419,"{'longitude': '-122.4194', 'needs_recoding': False, 'latitude': '37.746459', 'human_address': '{""address"":"""",""city"":"""",""state"":"""",""zip"":""""}'}",,69909_20180309,09-03-2018 0:00,94,Routine - Unscheduled,69909_20180309_103142,Unclean nonfood contact surfaces,Low Risk
57755,Events Management @ Legion of Honor,100 34th Ave,San Francisco,CA,94121,37.786,-122.5,"{'longitude': '-122.500155', 'needs_recoding': False, 'latitude': '37.785711', 'human_address': '{""address"":"""",""city"":"""",""state"":"""",""zip"":""""}'}",,57755_20180425,25-04-2018 0:00,90,Routine - Unscheduled,57755_20180425_103144,Unapproved or unmaintained equipment or utensils,Low Risk
27799,Buckhorn Grill,845 Market St FE-5,San Francisco,CA,94103,37.785,-122.407,"{'longitude': '-122.406892', 'needs_recoding': False, 'latitude': '37.784848', 'human_address': '{""address"":"""",""city"":"""",""state"":"""",""zip"":""""}'}",14155979770,27799_20170829,29-08-2017 0:00,,Complaint,27799_20170829_103120,Moderate risk food holding temperature,Moderate Risk
38231,Wines of California Wine Bar,Pier 39 Space N-111,San Francisco,CA,94133,37.808,-122.41,"{'longitude': '-122.410189', 'needs_recoding': False, 'latitude': '37.80824', 'human_address': '{""address"":"""",""city"":"""",""state"":"""",""zip"":""""}'}",,38231_20160825,25-08-2016 0:00,88,Routine - Unscheduled,38231_20160825_103149,Wiping cloths not clean or properly stored or inadequate sanitizer,Low Risk
65238,La Quinta Restaurant,2425 MISSION St,San Francisco,CA,94110,37.758,-122.419,"{'longitude': '-122.418976', 'needs_recoding': False, 'latitude': '37.758204', 'human_address': '{""address"":"""",""city"":"""",""state"":"""",""zip"":""""}'}",,65238_20160829,29-08-2016 0:00,,Reinspection/Followup,,,
69512,Elephant Sushi,1916 Hyde St,San Francisco,CA,94109,37.799,-122.419,"{'longitude': '-122.418867', 'needs_recoding': False, 'latitude': '37.79861', 'human_address': '{""address"":"""",""city"":"""",""state"":"""",""zip"":""""}'}",,69512_20160727,27-07-2016 0:00,61,Routine - Unscheduled,69512_20160727_103142,Unclean nonfood contact surfaces,Low Risk
4986,SENIORE'S PIZZA,2415 19th Ave,San Francisco,CA,94116,37.743,-122.476,"{'longitude': '-122.475714', 'needs_recoding': False, 'latitude': '37.742728', 'human_address': '{""address"":"""",""city"":"""",""state"":"""",""zip"":""""}'}",,4986_20160324,24-03-2016 0:00,,Structural Inspection,,,
2008,Hook a Cook,Pier 39 Building B Space 1-3,San Francisco,CA,94133,37.787,-122.462,"{'longitude': '-122.461545', 'needs_recoding': False, 'latitude': '37.786766'}",14155217717,2008_20150915,15-09-2015 0:00,,Reinspection/Followup,,,
79345,Bayshore Taqueria,300 Bayshore Blvd #A,San Francisco,CA,94124,,,,,79345_20180501,01-05-2018 0:00,,Reinspection/Followup,,,
37151,Man Sung Company,1116 Grant Ave,San Francisco,CA,94133,37.797,-122.407,"{'longitude': '-122.406807', 'needs_recoding': False, 'latitude': '37.797129', 'human_address': '{""address"":"""",""city"":"""",""state"":"""",""zip"":""""}'}",,37151_20160801,01-08-2016 0:00,82,Routine - Unscheduled,37151_20160801_103120,Moderate risk food holding temperature,Moderate Risk
34743,Rotee Express,180 HOWARD St,San Francisco,CA,94105,37.791,-122.393,"{'longitude': '-122.393159', 'needs_recoding': False, 'latitude': '37.790863', 'human_address': '{""address"":"""",""city"":"""",""state"":"""",""zip"":""""}'}",,34743_20160826,26-08-2016 0:00,71,Routine - Unscheduled,34743_20160826_103103,High risk food holding temperature,High Risk
1103,STARBUCKS COFFEE,4094 18th St,San Francisco,CA,94114,37.761,-122.435,"{'longitude': '-122.434692', 'needs_recoding': False, 'latitude': '37.760938', 'human_address': '{""address"":"""",""city"":"""",""state"":"""",""zip"":""""}'}",,1103_20170427,27-04-2017 0:00,,Complaint,,,
7661,DONA TERE'S MARKET,2780 21st St,San Francisco,CA,94110,37.758,-122.41,"{'longitude': '-122.410392', 'needs_recoding': False, 'latitude': '37.757578', 'human_address': '{""address"":"""",""city"":"""",""state"":"""",""zip"":""""}'}",,7661_20171127,27-11-2017 0:00,83,Routine - Unscheduled,7661_20171127_103131,Moderate risk vermin infestation,Moderate Risk
81674,Jersey,145 02nd St,San Francisco,CA,94105,,,,14155295408,81674_20170302,02-03-2017 0:00,100,Routine - Unscheduled,,,
87517,Cecilia's Pizza & Restaurant,3515 Mission St,San Francisco,CA,94110,,,,14155825852,87517_20180529,29-05-2018 0:00,86,Routine - Unscheduled,87517_20180529_103124,Inadequately cleaned or sanitized food contact surfaces,Moderate Risk
84476,"Crepe and Brioche, Inc.",1700 O'Farrell,San Francisco,CA,94115,,,,14155822287,84476_20160625,25-06-2016 0:00,100,Routine - Unscheduled,,,
76408,Cabin,1750 Polk St,San Francisco,CA,94109,,,,,76408_20151001,01-10-2015 0:00,85,Routine - Unscheduled,76408_20151001_103119,Inadequate and inaccessible handwashing facilities,Moderate Risk
90839,The Grove - Design District,65 Division St.,San Francisco,CA,94103,,,,,90839_20170630,30-06-2017 0:00,,New Construction,,,
84543,Mi Yucatan,2845 Mission St,San Francisco,CA,94110,,,,14155284455,84543_20151117,17-11-2015 0:00,85,Routine - Unscheduled,84543_20151117_103119,Inadequate and inaccessible handwashing facilities,Moderate Risk
88883,Jane the Bakery,1875 Geary Blvd,San Francisco,CA,94115,,,,,88883_20161202,02-12-2016 0:00,,New Ownership,,,
70755,North Point Market,3098 Polk St,San Francisco,CA,94109,37.805,-122.424,"{'longitude': '-122.423563', 'needs_recoding': False, 'latitude': '37.805281', 'human_address': '{""address"":"""",""city"":"""",""state"":"""",""zip"":""""}'}",,70755_20180615,15-06-2018 0:00,100,Routine - Unscheduled,,,
3285,Wing Lum Cafe,1150 Polk St,San Francisco,CA,94109,37.787,-122.42,"{'longitude': '-122.419952', 'needs_recoding': False, 'latitude': '37.787438', 'human_address': '{""address"":"""",""city"":"""",""state"":"""",""zip"":""""}'}",,3285_20171025,25-10-2017 0:00,,Reinspection/Followup,,,
1970,MICADO RESTAURANT,2126 IRVING St,San Francisco,CA,94122,37.763,-122.481,"{'longitude': '-122.480646', 'needs_recoding': False, 'latitude': '37.763468', 'human_address': '{""address"":"""",""city"":"""",""state"":"""",""zip"":""""}'}",,1970_20171121,21-11-2017 0:00,88,Routine - Unscheduled,1970_20171121_103139,Improper food storage,Low Risk
2249,Ramzi's Cafe,0044 Montgomery St LL1,San Francisco,CA,94104,37.79,-122.402,"{'longitude': '-122.401999', 'needs_recoding': False, 'latitude': '37.789552', 'human_address': '{""address"":"""",""city"":"""",""state"":"""",""zip"":""""}'}",,2249_20171204,04-12-2017 0:00,88,Routine - Unscheduled,2249_20171204_103138,Improper storage use or identification of toxic substances,Low Risk
82930,Blue Bottle Coffee,115 Sansome St,San Francisco,CA,94104,,,,,82930_20160720,20-07-2016 0:00,,Reinspection/Followup,,,
89276,"Fresca Gardens, Inc","135 4th St, FC-6",San Francisco,CA,94103,,,,14155223531,89276_20180117,17-01-2018 0:00,88,Routine - Unscheduled,89276_20180117_103131,Moderate risk vermin infestation,Moderate Risk
36020,Cadillac Market,499 Eddy St,San Francisco,CA,94109,37.783,-122.416,"{'longitude': '-122.415829', 'needs_recoding': False, 'latitude': '37.783464', 'human_address': '{""address"":"""",""city"":"""",""state"":"""",""zip"":""""}'}",,36020_20180501,01-05-2018 0:00,88,Routine - Unscheduled,36020_20180501_103139,Improper food storage,Low Risk
5039,PRESIDIO THEATRE,2340 CHESTNUT St,San Francisco,CA,94123,37.8,-122.442,"{'longitude': '-122.441914', 'needs_recoding': False, 'latitude': '37.800128', 'human_address': '{""address"":"""",""city"":"""",""state"":"""",""zip"":""""}'}",,5039_20170314,14-03-2017 0:00,86,Routine - Unscheduled,5039_20170314_103138,Improper storage use or identification of toxic substances,Low Risk
79050,Restaurante Montecristo,3723 Mission St,San Francisco,CA,94110,,,,,79050_20170621,21-06-2017 0:00,81,Routine - Unscheduled,79050_20170621_103154,Unclean or degraded floors walls or ceilings,Low Risk
5634,AT&T - COMMISARY KITCHEN [145184],24 WILLIE MAYS PLAZA 1.24.06,San Francisco,CA,94107,37.778,-122.391,"{'longitude': '-122.391151', 'needs_recoding': False, 'latitude': '37.778382', 'human_address': '{""address"":"""",""city"":"""",""state"":"""",""zip"":""""}'}",14155971500,5634_20161011,11-10-2016 0:00,98,Routine - Unscheduled,5634_20161011_103149,Wiping cloths not clean or properly stored or inadequate sanitizer,Low Risk
7601,Old Blue,Pier 41,San Francisco,CA,94133,37.808,-122.412,"{'longitude': '-122.412', 'needs_recoding': False, 'latitude': '37.808494', 'human_address': '{""address"":"""",""city"":"""",""state"":"""",""zip"":""""}'}",,7601_20160713,13-07-2016 0:00,98,Routine - Unscheduled,7601_20160713_103157,Food safety certificate or food handler card not available,Low Risk
88688,Akira Japanese Restaurant,1634 Bush St,San Francisco,CA,94109,,,,,88688_20170111,11-01-2017 0:00,90,Routine - Unscheduled,88688_20170111_103149,Wiping cloths not clean or properly stored or inadequate sanitizer,Low Risk
69397,Minna SF Group LLC,142 Minna St,San Francisco,CA,94105,,,,,69397_20170203,03-02-2017 0:00,64,Routine - Unscheduled,69397_20170203_103139,Improper food storage,Low Risk
35469,Subway #36339,1099 Mission St,San Francisco,CA,,37.779,-122.411,"{'longitude': '-122.410903', 'needs_recoding': False, 'latitude': '37.779466', 'human_address': '{""address"":"""",""city"":"""",""state"":"""",""zip"":""""}'}",14155249033,35469_20161209,09-12-2016 0:00,90,Routine - Unscheduled,35469_20161209_103156,Permit license or inspection report not posted,Low Risk
75402,Champa Garden,613 Faxon Ave,San Francisco,CA,94112,,,,14155344186,75402_20170825,25-08-2017 0:00,79,Routine - Unscheduled,75402_20170825_103156,Permit license or inspection report not posted,Low Risk
19416,Starbucks,865 Market St C26,San Francisco,CA,94103,37.784,-122.408,"{'longitude': '-122.407563', 'needs_recoding': False, 'latitude': '37.784317', 'human_address': '{""address"":"""",""city"":"""",""state"":"""",""zip"":""""}'}",14155604908,19416_20180718,18-07-2018 0:00,96,Routine - Unscheduled,19416_20180718_103154,Unclean or degraded floors walls or ceilings,Low Risk
5606,CALIFORNIA PACIFIC MEDICAL CENTER,45 Castro St,San Francisco,CA,94114,37.769,-122.436,"{'longitude': '-122.435736', 'needs_recoding': False, 'latitude': '37.768922', 'human_address': '{""address"":"""",""city"":"""",""state"":"""",""zip"":""""}'}",,5606_20170707,07-07-2017 0:00,94,Routine - Unscheduled,5606_20170707_103150,Improper or defective plumbing,Low Risk
90417,Pectopah LLC,748 Innes Ave,San Francisco,CA,94124,,,,14150590954,90417_20180209,09-02-2018 0:00,,Reinspection/Followup,90417_20180209_103120,Moderate risk food holding temperature,Moderate Risk
5999,The Salvation Army,1156 Valencia St,San Francisco,CA,94110,37.754,-122.421,"{'longitude': '-122.420915', 'needs_recoding': False, 'latitude': '37.754397', 'human_address': '{""address"":"""",""city"":"""",""state"":"""",""zip"":""""}'}",14155640260,5999_20180724,24-07-2018 0:00,90,Routine - Unscheduled,5999_20180724_103124,Inadequately cleaned or sanitized food contact surfaces,Moderate Risk
10332,Harvest Urban Market,191 08th St,San Francisco,CA,94103,37.776,-122.412,"{'longitude': '-122.411684', 'needs_recoding': False, 'latitude': '37.776384', 'human_address': '{""address"":"""",""city"":"""",""state"":"""",""zip"":""""}'}",14155620805,10332_20160316,16-03-2016 0:00,68,Routine - Unscheduled,10332_20160316_103105,Improper cooling methods,High Risk
76479,Roadside Rosy's,1018 Columbus Ave,San Francisco,CA,94133,,,,,76479_20160801,01-08-2016 0:00,,Reinspection/Followup,,,
67067,Tupelo,1337 Grant Ave,San Francisco,CA,94133,37.799,-122.407,"{'longitude': '-122.407334', 'needs_recoding': False, 'latitude': '37.799293', 'human_address': '{""address"":"""",""city"":"""",""state"":"""",""zip"":""""}'}",,67067_20160805,05-08-2016 0:00,,Reinspection/Followup,,,
66411,Del Popolo LLC,269 Chattanooga St,San Francisco,CA,94114,37.752,-122.426,"{'longitude': '-122.426336', 'needs_recoding': False, 'latitude': '37.752274', 'human_address': '{""address"":"""",""city"":"""",""state"":"""",""zip"":""""}'}",14154276600,66411_20170124,24-01-2017 0:00,,Structural Inspection,,,
24572,S & T Hong Kong Seafood,2588 Noriega St,San Francisco,CA,94122,37.754,-122.491,"{'longitude': '-122.491313', 'needs_recoding': False, 'latitude': '37.753608', 'human_address': '{""address"":"""",""city"":"""",""state"":"""",""zip"":""""}'}",,24572_20161130,30-11-2016 0:00,87,Routine - Unscheduled,24572_20161130_103154,Unclean or degraded floors walls or ceilings,Low Risk
60548,Annie's Hot Dogs & Pretzels,"Golden Gate Park, JFK Dr.@Conservatory of Flowers",San Francisco,CA,,37.777,-122.42,"{'longitude': '-122.419639', 'needs_recoding': False, 'latitude': '37.777122', 'human_address': '{""address"":"""",""city"":"""",""state"":"""",""zip"":""""}'}",,60548_20180608,08-06-2018 0:00,83,Routine - Unscheduled,60548_20180608_103150,Improper or defective plumbing,Low Risk
79626,Bubble Cafe,1788 32nd Ave,San Francisco,CA,94122,,,,14155832940,79626_20171108,08-11-2017 0:00,86,Routine - Unscheduled,79626_20171108_103119,Inadequate and inaccessible handwashing facilities,Moderate Risk
65111,Cafe Fiore,3599 24th St,San Francisco,CA,94110,37.752,-122.423,"{'longitude': '-122.422827', 'needs_recoding': False, 'latitude': '37.751951', 'human_address': '{""address"":"""",""city"":"""",""state"":"""",""zip"":""""}'}",,65111_20160211,11-02-2016 0:00,,Reinspection/Followup,,,
80763,Rock Japanese Cuisine,614 Pine St,San Francisco,CA,94108,,,,14155602066,80763_20160202,02-02-2016 0:00,68,Routine - Unscheduled,80763_20160202_103154,Unclean or degraded floors walls or ceilings,Low Risk
2690,LOS PANCHOS,3206 MISSION St,San Francisco,CA,94110,37.746,-122.42,"{'longitude': '-122.420004', 'needs_recoding': False, 'latitude': '37.745516', 'human_address': '{""address"":"""",""city"":"""",""state"":"""",""zip"":""""}'}",14155281033,2690_20151207,07-12-2015 0:00,94,Routine - Unscheduled,2690_20151207_103120,Moderate risk food holding temperature,Moderate Risk
85952,Juice Craze,3251 20th Ave 5517,San Francisco,CA,94132,,,,14150421739,85952_20170919,19-09-2017 0:00,,Reinspection/Followup,85952_20170919_103157,Food safety certificate or food handler card not available,Low Risk
86354,Peet's Coffee & Tea,773 Market St,San Francisco,CA,94102,,,,14150318683,86354_20170823,23-08-2017 0:00,94,Routine - Unscheduled,86354_20170823_103153,Inadequate dressing rooms or improper storage of personal items,Low Risk
2110,A La Turca,869 Geary St,San Francisco,CA,94109,37.786,-122.418,"{'longitude': '-122.417617', 'needs_recoding': False, 'latitude': '37.786143', 'human_address': '{""address"":"""",""city"":"""",""state"":"""",""zip"":""""}'}",,2110_20170905,05-09-2017 0:00,,Reinspection/Followup,,,
26340,VIP Coffee & Cake Shop,671 Broadway St,San Francisco,CA,94133,37.798,-122.408,"{'longitude': '-122.408058', 'needs_recoding': False, 'latitude': '37.797704', 'human_address': '{""address"":"""",""city"":"""",""state"":"""",""zip"":""""}'}",,26340_20180521,21-05-2018 0:00,,Reinspection/Followup,,,
5654,S. F. Gourmet Hot Dog Cart,Pier 39,San Francisco,CA,94133,37.808,-122.41,"{'longitude': '-122.410189', 'needs_recoding': False, 'latitude': '37.80824', 'human_address': '{""address"":"""",""city"":"""",""state"":"""",""zip"":""""}'}",,5654_20161031,31-10-2016 0:00,96,Routine - Unscheduled,5654_20161031_103130,Inadequate sewage or wastewater disposal,Moderate Risk
78102,Pho Luen Fat Bakery & Restaurant,110 Leland Ave,San Francisco,CA,94134,,,,,78102_20160628,28-06-2016 0:00,79,Routine - Unscheduled,78102_20160628_103144,Unapproved or unmaintained equipment or utensils,Low Risk
83824,Earthbar,301 Pine St,San Francisco,CA,94104,,,,,83824_20160826,26-08-2016 0:00,94,Routine - Unscheduled,83824_20160826_103144,Unapproved or unmaintained equipment or utensils,Low Risk
33442,Miller's East Coast Deli,1725 Polk St,San Francisco,CA,94109,37.793,-122.421,"{'longitude': '-122.421164', 'needs_recoding': False, 'latitude': '37.792784', 'human_address': '{""address"":"""",""city"":"""",""state"":"""",""zip"":""""}'}",,33442_20160216,16-02-2016 0:00,75,Routine - Unscheduled,33442_20160216_103145,Improper storage of equipment utensils or linens,Low Risk
89775,Flores,2030 Union St,San Francisco,CA,94123,,,,,89775_20161116,16-11-2016 0:00,,New Construction,,,
91762,Pho Huynh Sang,239 Clement St.,San Francisco,CA,94118,,,,,91762_20170612,12-06-2017 0:00,,Non-inspection site visit,,,
76676,Little Vietnam Cafe,309 06th Ave,San Francisco,CA,94118,,,,,76676_20160727,27-07-2016 0:00,81,Routine - Unscheduled,76676_20160727_103133,Foods not protected from contamination,Moderate Risk
3084,ITALIAN AMERICAN SOCIAL CLUB,25 RUSSIA Ave,San Francisco,CA,94112,37.721,-122.437,"{'longitude': '-122.436628', 'needs_recoding': False, 'latitude': '37.721347', 'human_address': '{""address"":"""",""city"":"""",""state"":"""",""zip"":""""}'}",,3084_20160907,07-09-2016 0:00,85,Routine - Unscheduled,3084_20160907_103131,Moderate risk vermin infestation,Moderate Risk
87664,Poke Kana,65 Cambon Dr,San Francisco,CA,94132,,,,,87664_20160722,22-07-2016 0:00,,New Construction,,,
5523,AT&T Park - Coffee and Ice Cream (5A+5B),24 WILLIE MAYS PLAZA,San Francisco,CA,94107,,,,,5523_20160814,14-08-2016 0:00,,Non-inspection site visit,,,
82231,Rusty's Southern LLC,750 Ellis St,San Francisco,CA,94109,,,,,82231_20170706,06-07-2017 0:00,84,Routine - Unscheduled,82231_20170706_103139,Improper food storage,Low Risk
78075,Belly Burger,5740 Geary Blvd,San Francisco,CA,94121,,,,,78075_20170627,27-06-2017 0:00,80,Routine - Unscheduled,78075_20170627_103142,Unclean nonfood contact surfaces,Low Risk
83046,Project Juice,364 Hayes St,San Francisco,CA,94102,,,,,83046_20171019,19-10-2017 0:00,96,Routine - Unscheduled,83046_20171019_103131,Moderate risk vermin infestation,Moderate Risk
89393,Panuchos,620 Broadway St,San Francisco,CA,94133,,,,,89393_20180411,11-04-2018 0:00,84,Routine - Unscheduled,89393_20180411_103157,Food safety certificate or food handler card not available,Low Risk
5854,Gateway High/Kip Schools,1430 Scott St,San Francisco,CA,94115,37.783,-122.438,"{'longitude': '-122.437747', 'needs_recoding': False, 'latitude': '37.783427', 'human_address': '{""address"":"""",""city"":"""",""state"":"""",""zip"":""""}'}",14155743600,5854_20170419,19-04-2017 0:00,89,Routine - Unscheduled,5854_20170419_103112,No hot water or running water,High Risk
84922,Taco Bell Cantina #31685,710 03rd St,San Francisco,CA,94107,,,,,84922_20160919,19-09-2016 0:00,100,Routine - Unscheduled,,,
4654,House of Bagels,5030 Geary Blvd,San Francisco,CA,94118,37.781,-122.473,"{'longitude': '-122.473471', 'needs_recoding': False, 'latitude': '37.780688', 'human_address': '{""address"":"""",""city"":"""",""state"":"""",""zip"":""""}'}",,4654_20170503,03-05-2017 0:00,,Reinspection/Followup,,,
87645,Batter Bakery,1517 Pine St,San Francisco,CA,94109,,,,,87645_20160912,12-09-2016 0:00,96,Routine - Unscheduled,87645_20160912_103139,Improper food storage,Low Risk
247,Toy Boat Dessert Cafe,401 Clement St,San Francisco,CA,94118,37.783,-122.464,"{'longitude': '-122.46351', 'needs_recoding': False, 'latitude': '37.782953', 'human_address': '{""address"":"""",""city"":"""",""state"":"""",""zip"":""""}'}",,247_20161114,14-11-2016 0:00,86,Routine - Unscheduled,247_20161114_103131,Moderate risk vermin infestation,Moderate Risk
34186,Angel Cafe and Deli,700 Geary St,San Francisco,CA,94109,37.787,-122.415,"{'longitude': '-122.415064', 'needs_recoding': False, 'latitude': '37.786528', 'human_address': '{""address"":"""",""city"":"""",""state"":"""",""zip"":""""}'}",,34186_20170628,28-06-2017 0:00,86,Routine - Unscheduled,34186_20170628_103150,Improper or defective plumbing,Low Risk
90221,Iza Ramen,1155 Folsom St,San Francisco,CA,94103,,,,,90221_20180529,29-05-2018 0:00,81,Routine - Unscheduled,90221_20180529_103129,Insufficient hot water or running water,Moderate Risk
4656,STARBUCKS COFFEE CO,120 04th St,San Francisco,CA,94103,37.784,-122.404,"{'longitude': '-122.403989', 'needs_recoding': False, 'latitude': '37.784247', 'human_address': '{""address"":"""",""city"":"""",""state"":"""",""zip"":""""}'}",14155280579,4656_20171011,11-10-2017 0:00,96,Routine - Unscheduled,4656_20171011_103154,Unclean or degraded floors walls or ceilings,Low Risk
10238,King of Thai Noodle House,184 O'Farrell St,San Francisco,CA,94102,37.786,-122.408,"{'longitude': '-122.407764', 'needs_recoding': False, 'latitude': '37.786498', 'human_address': '{""address"":"""",""city"":"""",""state"":"""",""zip"":""""}'}",,10238_20180508,08-05-2018 0:00,76,Routine - Unscheduled,10238_20180508_103133,Foods not protected from contamination,Moderate Risk
86486,Surisan,505 Beach St,San Francisco,CA,94133,,,,,86486_20180228,28-02-2018 0:00,94,Routine - Unscheduled,86486_20180228_103144,Unapproved or unmaintained equipment or utensils,Low Risk
2218,Starbucks Coffee Co,99 Jackson St,San Francisco,CA,94111,37.797,-122.398,"{'longitude': '-122.398284', 'needs_recoding': False, 'latitude': '37.79703', 'human_address': '{""address"":"""",""city"":"""",""state"":"""",""zip"":""""}'}",,2218_20170503,03-05-2017 0:00,91,Routine - Unscheduled,2218_20170503_103143,Inadequate warewashing facilities or equipment,Low Risk
78113,Urban Putt,1096 South Van Ness Ave,San Francisco,CA,94110,,,,14155341080,78113_20180509,09-05-2018 0:00,85,Routine - Unscheduled,78113_20180509_103131,Moderate risk vermin infestation,Moderate Risk
61,Chowders,Pier 39 Space A3,San Francisco,CA,94133,37.808,-122.41,"{'longitude': '-122.410189', 'needs_recoding': False, 'latitude': '37.80824', 'human_address': '{""address"":"""",""city"":"""",""state"":"""",""zip"":""""}'}",,61_20160708,08-07-2016 0:00,94,Routine - Unscheduled,61_20160708_103150,Improper or defective plumbing,Low Risk
76574,Bebebar Juice & Sandwich,3809 18th St,San Francisco,CA,94114,,,,14155208406,76574_20161109,09-11-2016 0:00,100,Routine - Unscheduled,,,
2233,The AA Bakery & Cafe,1068 Stockton St,San Francisco,CA,94108,37.796,-122.408,"{'longitude': '-122.40809', 'needs_recoding': False, 'latitude': '37.795564', 'human_address': '{""address"":"""",""city"":"""",""state"":"""",""zip"":""""}'}",,2233_20160524,24-05-2016 0:00,85,Routine - Unscheduled,2233_20160524_103102,Unclean hands or improper use of gloves,High Risk
84470,Cream,3251 20th Ave Space#k5532,San Francisco,CA,94132,,,,14150309211,84470_20160106,06-01-2016 0:00,,New Construction,,,
5124,PIZZA HUT #758280,728 GEARY St,San Francisco,CA,94109,37.786,-122.415,"{'longitude': '-122.415454', 'needs_recoding': False, 'latitude': '37.786477', 'human_address': '{""address"":"""",""city"":"""",""state"":"""",""zip"":""""}'}",,5124_20161227,27-12-2016 0:00,96,Routine - Unscheduled,5124_20161227_103156,Permit license or inspection report not posted,Low Risk
3065,CHA-AM RESTAURANT,701 FOLSOM St,San Francisco,CA,94107,37.784,-122.399,"{'longitude': '-122.398918', 'needs_recoding': False, 'latitude': '37.783738', 'human_address': '{""address"":"""",""city"":"""",""state"":"""",""zip"":""""}'}",14155549710,3065_20160901,01-09-2016 0:00,83,Routine - Unscheduled,3065_20160901_103103,High risk food holding temperature,High Risk
62532,Pica Pica,401 VALENCIA St,San Francisco,CA,94103,37.766,-122.422,"{'longitude': '-122.421986', 'needs_recoding': False, 'latitude': '37.766394', 'human_address': '{""address"":"""",""city"":"""",""state"":"""",""zip"":""""}'}",,62532_20180320,20-03-2018 0:00,85,Routine - Unscheduled,62532_20180320_103109,Unclean or unsanitary food contact surfaces,High Risk
4531,AK SUBS,397 08th St,San Francisco,CA,94103,37.774,-122.409,"{'longitude': '-122.408631', 'needs_recoding': False, 'latitude': '37.773884', 'human_address': '{""address"":"""",""city"":"""",""state"":"""",""zip"":""""}'}",14155249600,4531_20170724,24-07-2017 0:00,85,Routine - Unscheduled,4531_20170724_103131,Moderate risk vermin infestation,Moderate Risk
70090,Cathead's BBQ,1665 FOLSOM St,San Francisco,CA,94103,37.77,-122.415,"{'longitude': '-122.415342', 'needs_recoding': False, 'latitude': '37.770126', 'human_address': '{""address"":"""",""city"":"""",""state"":"""",""zip"":""""}'}",,70090_20170105,05-01-2017 0:00,93,Routine - Unscheduled,70090_20170105_103105,Improper cooling methods,High Risk
72164,Modern Thai Inc.,1247 Polk St,San Francisco,CA,94109,,,,,72164_20161024,24-10-2016 0:00,75,Routine - Unscheduled,72164_20161024_103124,Inadequately cleaned or sanitized food contact surfaces,Moderate Risk
77693,SH Dream Inc,253 Church St,San Francisco,CA,94114,,,,14155860447,77693_20150908,08-09-2015 0:00,83,Routine - Unscheduled,77693_20150908_103144,Unapproved or unmaintained equipment or utensils,Low Risk
90217,Heritage,708 Clement St,San Francisco,CA,94118,,,,,90217_20180605,05-06-2018 0:00,87,Routine - Unscheduled,90217_20180605_103119,Inadequate and inaccessible handwashing facilities,Moderate Risk
91276,A Mano,"450 Hayes St., Suite C-2",San Francisco,CA,94102,,,,,91276_20170505,05-05-2017 0:00,,New Construction,,,
2933,Castagnola's Restaurant,286 Jefferson St,San Francisco,CA,94133,37.808,-122.417,"{'longitude': '-122.417194', 'needs_recoding': False, 'latitude': '37.808098', 'human_address': '{""address"":"""",""city"":"""",""state"":"""",""zip"":""""}'}",,2933_20170807,07-08-2017 0:00,83,Routine - Unscheduled,2933_20170807_103107,Improper reheating of food,High Risk
5808,BALBOA HIGH SCHOOL,1000 CAYUGA Ave,San Francisco,CA,94112,37.722,-122.44,"{'longitude': '-122.43983', 'needs_recoding': False, 'latitude': '37.722067', 'human_address': '{""address"":"""",""city"":"""",""state"":"""",""zip"":""""}'}",14155464090,5808_20160908,08-09-2016 0:00,98,Routine - Unscheduled,5808_20160908_103153,Inadequate dressing rooms or improper storage of personal items,Low Risk
90503,Park Gyros Castro,449 Castro St,San Francisco,CA,94114,,,,14155879779,90503_20170927,27-09-2017 0:00,71,Routine - Unscheduled,90503_20170927_103114,High risk vermin infestation,High Risk
2638,SF BAGEL CO. (KATZ BAGELS),3147 16th St,San Francisco,CA,94103,37.765,-122.423,"{'longitude': '-122.423089', 'needs_recoding': False, 'latitude': '37.764814', 'human_address': '{""address"":"""",""city"":"""",""state"":"""",""zip"":""""}'}",14155559050,2638_20161129,29-11-2016 0:00,81,Routine - Unscheduled,2638_20161129_103103,High risk food holding temperature,High Risk
85051,Blue Bottle Coffee,1 Ferry Building Kiosk #56,San Francisco,CA,94111,,,,,85051_20180117,17-01-2018 0:00,,Reinspection/Followup,,,
39396,New Regent Cafe,638 Pacific Ave,San Francisco,CA,94133,37.797,-122.406,"{'longitude': '-122.406313', 'needs_recoding': False, 'latitude': '37.797008', 'human_address': '{""address"":"""",""city"":"""",""state"":"""",""zip"":""""}'}",,39396_20171206,06-12-2017 0:00,68,Routine - Unscheduled,39396_20171206_103142,Unclean nonfood contact surfaces,Low Risk
63992,Thai Cottage Restaurant,4041 JUDAH St,San Francisco,CA,94122,37.76,-122.506,"{'longitude': '-122.50555', 'needs_recoding': False, 'latitude': '37.760413', 'human_address': '{""address"":"""",""city"":"""",""state"":"""",""zip"":""""}'}",14155670820,63992_20180725,25-07-2018 0:00,,Reinspection/Followup,,,
89594,Luke's Local Inc.,960 Cole St.,San Francisco,CA,94117,,,,,89594_20171127,27-11-2017 0:00,94,Routine - Unscheduled,89594_20171127_103119,Inadequate and inaccessible handwashing facilities,Moderate Risk
88099,Fair Trade Cafe LLC,75 Hawthorne St,San Francisco,CA,94105,,,,,88099_20170929,29-09-2017 0:00,,Non-inspection site visit,,,
7207,GOLDEN PRODUCE,172 CHURCH St,San Francisco,CA,94114,37.768,-122.429,"{'longitude': '-122.429024', 'needs_recoding': False, 'latitude': '37.768187', 'human_address': '{""address"":"""",""city"":"""",""state"":"""",""zip"":""""}'}",14155431536,7207_20180605,05-06-2018 0:00,82,Routine - Unscheduled,7207_20180605_103131,Moderate risk vermin infestation,Moderate Risk
1199,PANCHO'S,3440 GEARY Blvd,San Francisco,CA,94118,37.782,-122.456,"{'longitude': '-122.456176', 'needs_recoding': False, 'latitude': '37.781507', 'human_address': '{""address"":"""",""city"":"""",""state"":"""",""zip"":""""}'}",,1199_20180117,17-01-2018 0:00,90,Routine - Unscheduled,1199_20180117_103129,Insufficient hot water or running water,Moderate Risk
1262,NORTH BEACH PIZZA,800 STANYAN St,San Francisco,CA,94117,37.767,-122.453,"{'longitude': '-122.453075', 'needs_recoding': False, 'latitude': '37.767286', 'human_address': '{""address"":"""",""city"":"""",""state"":"""",""zip"":""""}'}",14155752300,1262_20171215,15-12-2017 0:00,90,Routine - Unscheduled,1262_20171215_103154,Unclean or degraded floors walls or ceilings,Low Risk
80302,Project Juice,790 Valencia St,San Francisco,CA,94110,,,,14155853869,80302_20160201,01-02-2016 0:00,100,Routine - Unscheduled,,,
85955,India Clay Oven Restaurant and Bar,2436 Clement St,San Francisco,CA,94121,,,,14155750505,85955_20160205,05-02-2016 0:00,,New Ownership,85955_20160205_103119,Inadequate and inaccessible handwashing facilities,Moderate Risk
78426,Pabu,101 California St,San Francisco,CA,94111,,,,,78426_20161207,07-12-2016 0:00,,Complaint,78426_20161207_103121,Inadequate procedures or records for time as a public health control,Moderate Risk
86645,Old Siam Thai Restaurant,201 Ellis St,San Francisco,CA,94102,,,,,86645_20160720,20-07-2016 0:00,84,Routine - Unscheduled,86645_20160720_103161,Low risk vermin infestation,Low Risk
64814,My Ivy Corp.,1901 DIVISADERO St,San Francisco,CA,94115,37.787,-122.44,"{'longitude': '-122.440323', 'needs_recoding': False, 'latitude': '37.787323', 'human_address': '{""address"":"""",""city"":"""",""state"":"""",""zip"":""""}'}",,64814_20160914,14-09-2016 0:00,,Reinspection/Followup,,,
81579,Salem Grocery,920 Geary St,San Francisco,CA,94109,,,,,81579_20171221,21-12-2017 0:00,91,Routine - Unscheduled,81579_20171221_103103,High risk food holding temperature,High Risk
87611,Sam Rong Cafe,670 Broadway St,San Francisco,CA,94133,,,,,87611_20170523,23-05-2017 0:00,67,Routine - Unscheduled,87611_20170523_103114,High risk vermin infestation,High Risk
86306,Dim Sum Bistro,675 Broadway St,San Francisco,CA,94133,,,,,86306_20171130,30-11-2017 0:00,90,Routine - Unscheduled,86306_20171130_103120,Moderate risk food holding temperature,Moderate Risk
79248,Ha Nam Ninh Restaurant,701 Larkin St,San Francisco,CA,94109,,,,,79248_20170919,19-09-2017 0:00,71,Routine - Unscheduled,79248_20170919_103139,Improper food storage,Low Risk
606,TSING TAO RESTAURANT,3107 CLEMENT St,San Francisco,CA,94121,37.782,-122.493,"{'longitude': '-122.492609', 'needs_recoding': False, 'latitude': '37.781624', 'human_address': '{""address"":"""",""city"":"""",""state"":"""",""zip"":""""}'}",,606_20170720,20-07-2017 0:00,78,Routine - Unscheduled,606_20170720_103154,Unclean or degraded floors walls or ceilings,Low Risk
2622,WING HING RESTAURANT,2550 SAN BRUNO Ave,San Francisco,CA,94134,37.729,-122.404,"{'longitude': '-122.404391', 'needs_recoding': False, 'latitude': '37.729408', 'human_address': '{""address"":"""",""city"":"""",""state"":"""",""zip"":""""}'}",,2622_20171106,06-11-2017 0:00,70,Routine - Unscheduled,2622_20171106_103109,Unclean or unsanitary food contact surfaces,High Risk
10875,Brendas Meat & Three,919 DIVISADERO ST,San Francisco,CA,94115,37.778,-122.438,"{'longitude': '-122.438474', 'needs_recoding': False, 'latitude': '37.778194', 'human_address': '{""address"":"""",""city"":"""",""state"":"""",""zip"":""""}'}",14155928657,10875_20180425,25-04-2018 0:00,,Reinspection/Followup,,,
80763,Rock Japanese Cuisine,614 Pine St,San Francisco,CA,94108,,,,14155602066,80763_20160202,02-02-2016 0:00,68,Routine - Unscheduled,80763_20160202_103125,Noncompliance with shell fish tags or display,Moderate Risk
3870,LA ALTENA,3346 MISSION St,San Francisco,CA,94110,37.743,-122.422,"{'longitude': '-122.421546', 'needs_recoding': False, 'latitude': '37.743206', 'human_address': '{""address"":"""",""city"":"""",""state"":"""",""zip"":""""}'}",14155648415,3870_20151119,19-11-2015 0:00,81,Routine - Unscheduled,3870_20151119_103142,Unclean nonfood contact surfaces,Low Risk
85843,House of Xian Dumpling,925 Kearny St,San Francisco,CA,94133,,,,,85843_20171206,06-12-2017 0:00,88,Routine - Unscheduled,85843_20171206_103144,Unapproved or unmaintained equipment or utensils,Low Risk
3784,BLOWFISH SUSHI,2170 BRYANT St,San Francisco,CA,94110,37.759,-122.41,"{'longitude': '-122.409931', 'needs_recoding': False, 'latitude': '37.759488', 'human_address': '{""address"":"""",""city"":"""",""state"":"""",""zip"":""""}'}",14155283848,3784_20150930,30-09-2015 0:00,,Complaint,,,
83746,The Lord George,555 02nd St,San Francisco,CA,94107,,,,,83746_20180330,30-03-2018 0:00,94,Routine - Unscheduled,83746_20180330_103149,Wiping cloths not clean or properly stored or inadequate sanitizer,Low Risk
28206,Westfield Food Court Scullery,845 Market St Scullery (LL),San Francisco,CA,94103,37.785,-122.407,"{'longitude': '-122.407061', 'needs_recoding': False, 'latitude': '37.784679', 'human_address': '{""address"":"""",""city"":"""",""state"":"""",""zip"":""""}'}",14155516776,28206_20170510,10-05-2017 0:00,74,Routine - Unscheduled,28206_20170510_103142,Unclean nonfood contact surfaces,Low Risk
4683,JAVA ON OCEAN,1700 OCEAN Ave,San Francisco,CA,94112,37.725,-122.46,"{'longitude': '-122.460205', 'needs_recoding': False, 'latitude': '37.724778', 'human_address': '{""address"":"""",""city"":"""",""state"":"""",""zip"":""""}'}",14155336075,4683_20170328,28-03-2017 0:00,92,Routine - Unscheduled,4683_20170328_103144,Unapproved or unmaintained equipment or utensils,Low Risk
79667,Chez Julien,100 Bush St #110,San Francisco,CA,94102,,,,14155391816,79667_20160510,10-05-2016 0:00,83,Routine - Unscheduled,79667_20160510_103104,Unauthorized or unsafe use of time as a public health control measure,High Risk
29246,Rico Pan Bakery,3717 Mission St,San Francisco,CA,94110,37.737,-122.424,"{'longitude': '-122.424078', 'needs_recoding': False, 'latitude': '37.737021', 'human_address': '{""address"":"""",""city"":"""",""state"":"""",""zip"":""""}'}",,29246_20160502,02-05-2016 0:00,86,Routine - Unscheduled,29246_20160502_103131,Moderate risk vermin infestation,Moderate Risk
72164,Modern Thai Inc.,1247 Polk St,San Francisco,CA,94109,,,,,72164_20161024,24-10-2016 0:00,75,Routine - Unscheduled,72164_20161024_103102,Unclean hands or improper use of gloves,High Risk
1617,CLEMENT BBQ RESTAURANT,617 CLEMENT St,San Francisco,CA,94118,37.783,-122.466,"{'longitude': '-122.4659', 'needs_recoding': False, 'latitude': '37.782843', 'human_address': '{""address"":"""",""city"":"""",""state"":"""",""zip"":""""}'}",,1617_20180522,22-05-2018 0:00,71,Routine - Unscheduled,1617_20180522_103119,Inadequate and inaccessible handwashing facilities,Moderate Risk
89449,Burger King 4525,1701 Fillmore St,San Francisco,CA,94115,,,,14150643385,89449_20170623,23-06-2017 0:00,88,Routine - Unscheduled,89449_20170623_103144,Unapproved or unmaintained equipment or utensils,Low Risk
8948,SEGAFREDO,33 Powell St,San Francisco,CA,94103,37.785,-122.408,"{'longitude': '-122.407764', 'needs_recoding': False, 'latitude': '37.784858', 'human_address': '{""address"":"""",""city"":"""",""state"":"""",""zip"":""""}'}",,8948_20180212,12-02-2018 0:00,,Reinspection/Followup,,,
91979,Milkbomb Ice Cream,"415 De Haro St., Unit 105",San Francisco,CA,94107,,,,,91979_20180615,15-06-2018 0:00,94,Routine - Unscheduled,91979_20180615_103120,Moderate risk food holding temperature,Moderate Risk
10083,Morning Brew Cafe,401 Sansome St,San Francisco,CA,94111,37.794,-122.401,"{'longitude': '-122.401299', 'needs_recoding': False, 'latitude': '37.794024', 'human_address': '{""address"":"""",""city"":"""",""state"":"""",""zip"":""""}'}",,10083_20160315,15-03-2016 0:00,88,Routine - Unscheduled,10083_20160315_103119,Inadequate and inaccessible handwashing facilities,Moderate Risk
88134,Mixt Greens,240 Kearny St,San Francisco,CA,94108,,,,14155350808,88134_20180529,29-05-2018 0:00,,Non-inspection site visit,,,
2798,MONGKOK DIM SUM & RESTAURANT,2438 NORIEGA St,San Francisco,CA,94122,37.754,-122.49,"{'longitude': '-122.489972', 'needs_recoding': False, 'latitude': '37.753678', 'human_address': '{""address"":"""",""city"":"""",""state"":"""",""zip"":""""}'}",,2798_20160524,24-05-2016 0:00,83,Routine - Unscheduled,2798_20160524_103105,Improper cooling methods,High Risk
82655,Mizutani Sushi Bar,4406 California St,San Francisco,CA,94118,,,,,82655_20160609,09-06-2016 0:00,,Reinspection/Followup,,,
76126,Yerba Buena Tea Co (formerly Tea Smiths of SF),3251 20th Ave,San Francisco,CA,94132,,,,,76126_20161009,09-10-2016 0:00,100,Routine - Unscheduled,,,
80659,Azalina's,1355 Market St,San Francisco,CA,94103,,,,,80659_20160623,23-06-2016 0:00,83,Routine - Unscheduled,80659_20160623_103103,High risk food holding temperature,High Risk
38566,Tropisueño,75 Yerba Buena Ln,San Francisco,CA,94103,37.786,-122.404,"{'longitude': '-122.404189', 'needs_recoding': False, 'latitude': '37.785638', 'human_address': '{""address"":"""",""city"":"""",""state"":"""",""zip"":""""}'}",,38566_20171025,25-10-2017 0:00,,Complaint,,,
36695,Golden Natural Foods,130 Church St,San Francisco,CA,94114,37.769,-122.429,"{'longitude': '-122.429127', 'needs_recoding': False, 'latitude': '37.768824', 'human_address': '{""address"":"""",""city"":"""",""state"":"""",""zip"":""""}'}",,36695_20161104,04-11-2016 0:00,98,Routine - Unscheduled,36695_20161104_103150,Improper or defective plumbing,Low Risk
69962,Hong Kee & Kim,91 Drumm St,San Francisco,CA,94111,,,,,69962_20160617,17-06-2016 0:00,75,Routine - Unscheduled,69962_20160617_103156,Permit license or inspection report not posted,Low Risk
36570,"7-Eleven, Store 2366-21389F",2200 BAYSHORE Blvd,San Francisco,CA,94134,37.712,-122.403,"{'longitude': '-122.402934', 'needs_recoding': False, 'latitude': '37.712166', 'human_address': '{""address"":"""",""city"":"""",""state"":"""",""zip"":""""}'}",,36570_20161217,17-12-2016 0:00,85,Routine - Unscheduled,36570_20161217_103102,Unclean hands or improper use of gloves,High Risk
5810,DENMAN MIDDLE SCHOOL,241 ONEIDA St,San Francisco,CA,94112,37.722,-122.443,"{'longitude': '-122.442876', 'needs_recoding': False, 'latitude': '37.721825', 'human_address': '{""address"":"""",""city"":"""",""state"":"""",""zip"":""""}'}",14155464535,5810_20180206,06-02-2018 0:00,94,Routine - Unscheduled,5810_20180206_103144,Unapproved or unmaintained equipment or utensils,Low Risk
85697,Quickly,3251 20th Ave 160,San Francisco,CA,94132,,,,14155818288,85697_20160218,18-02-2016 0:00,90,Routine - Unscheduled,85697_20160218_103124,Inadequately cleaned or sanitized food contact surfaces,Moderate Risk
65412,Jackson Fillmore Trattoria,2506 FILLMORE St,San Francisco,CA,94115,37.793,-122.435,"{'longitude': '-122.434556', 'needs_recoding': False, 'latitude': '37.792658', 'human_address': '{""address"":"""",""city"":"""",""state"":"""",""zip"":""""}'}",,65412_20160919,19-09-2016 0:00,88,Routine - Unscheduled,65412_20160919_103131,Moderate risk vermin infestation,Moderate Risk
88,J.B.'S PLACE,1435 17th St,San Francisco,CA,94107,37.765,-122.398,"{'longitude': '-122.398084', 'needs_recoding': False, 'latitude': '37.765003', 'human_address': '{""address"":"""",""city"":"""",""state"":"""",""zip"":""""}'}",,88_20171016,16-10-2017 0:00,82,Routine - Unscheduled,88_20171016_103154,Unclean or degraded floors walls or ceilings,Low Risk
32823,Peet's Coffee & Tea,405 Howard St,San Francisco,CA,94104,37.789,-122.395,"{'longitude': '-122.395322', 'needs_recoding': False, 'latitude': '37.789057', 'human_address': '{""address"":"""",""city"":"""",""state"":"""",""zip"":""""}'}",,32823_20171027,27-10-2017 0:00,,Reinspection/Followup,,,
62334,Prospect,"318 Spear St 1A, 1B",San Francisco,CA,94105,37.79,-122.391,"{'longitude': '-122.390736', 'needs_recoding': False, 'latitude': '37.789805', 'human_address': '{""address"":"""",""city"":"""",""state"":"""",""zip"":""""}'}",,62334_20160916,16-09-2016 0:00,86,Routine - Unscheduled,62334_20160916_103119,Inadequate and inaccessible handwashing facilities,Moderate Risk
1203,TAWAN'S THAI FOOD,4403 GEARY Blvd,San Francisco,CA,94118,37.781,-122.467,"{'longitude': '-122.46659', 'needs_recoding': False, 'latitude': '37.780834', 'human_address': '{""address"":"""",""city"":"""",""state"":"""",""zip"":""""}'}",,1203_20180802,02-08-2018 0:00,77,Routine - Unscheduled,1203_20180802_103132,Improper thawing methods,Moderate Risk
81250,Stanford Court Hotel,905 California St,San Francisco,CA,94108,,,,,81250_20171027,27-10-2017 0:00,,New Construction,,,
60518,Ninki Sushi Bar & Restaurant,1439 TARAVAL St,San Francisco,CA,94116,37.743,-122.482,"{'longitude': '-122.481749', 'needs_recoding': False, 'latitude': '37.742743', 'human_address': '{""address"":"""",""city"":"""",""state"":"""",""zip"":""""}'}",,60518_20170824,24-08-2017 0:00,78,Routine - Unscheduled,60518_20170824_103109,Unclean or unsanitary food contact surfaces,High Risk
18616,Kate O'Brien's,579 HOWARD St,San Francisco,CA,94105,37.787,-122.398,"{'longitude': '-122.397632', 'needs_recoding': False, 'latitude': '37.787248', 'human_address': '{""address"":"""",""city"":"""",""state"":"""",""zip"":""""}'}",,18616_20170810,10-08-2017 0:00,86,Routine - Unscheduled,18616_20170810_103119,Inadequate and inaccessible handwashing facilities,Moderate Risk
72004,David's Deli & Bistro,474 Geary St,San Francisco,CA,94102,,,,,72004_20161103,03-11-2016 0:00,80,Routine - Unscheduled,72004_20161103_103154,Unclean or degraded floors walls or ceilings,Low Risk
36602,Cafe Insalata,209 Jackson St,San Francisco,CA,94111,37.797,-122.4,"{'longitude': '-122.399936', 'needs_recoding': False, 'latitude': '37.796854', 'human_address': '{""address"":"""",""city"":"""",""state"":"""",""zip"":""""}'}",,36602_20170926,26-09-2017 0:00,98,Routine - Unscheduled,36602_20170926_103161,Low risk vermin infestation,Low Risk
69512,Elephant Sushi,1916 Hyde St,San Francisco,CA,94109,37.799,-122.419,"{'longitude': '-122.418867', 'needs_recoding': False, 'latitude': '37.79861', 'human_address': '{""address"":"""",""city"":"""",""state"":"""",""zip"":""""}'}",,69512_20160727,27-07-2016 0:00,61,Routine - Unscheduled,69512_20160727_103108,Contaminated or adulterated food,High Risk
81473,24th and Folsom Eatery,3109 24th St,San Francisco,CA,,,,,,81473_20150930,30-09-2015 0:00,,New Construction,,,
89276,"Fresca Gardens, Inc","135 4th St, FC-6",San Francisco,CA,94103,,,,14155223531,89276_20170505,05-05-2017 0:00,82,Routine - Unscheduled,89276_20170505_103161,Low risk vermin infestation,Low Risk
18952,Hilton Financial District- Restaurant Seven Fifty,750 Kearny St 1st Floor,San Francisco,CA,94108,37.795,-122.405,"{'longitude': '-122.404876', 'needs_recoding': False, 'latitude': '37.795057', 'human_address': '{""address"":"""",""city"":"""",""state"":"""",""zip"":""""}'}",,18952_20160610,10-06-2016 0:00,100,Routine - Unscheduled,,,
82232,"24 Hour Fitness Club, #273",3951 Alemany Blvd,San Francisco,CA,94132,,,,,82232_20170530,30-05-2017 0:00,88,Routine - Unscheduled,82232_20170530_103156,Permit license or inspection report not posted,Low Risk
33467,"California Pizza Kitchen, Inc.",53 03rd St,San Francisco,CA,94103,37.787,-122.403,"{'longitude': '-122.402535', 'needs_recoding': False, 'latitude': '37.78678', 'human_address': '{""address"":"""",""city"":"""",""state"":"""",""zip"":""""}'}",14150345000,33467_20170320,20-03-2017 0:00,90,Routine - Unscheduled,33467_20170320_103145,Improper storage of equipment utensils or linens,Low Risk
87364,"Dip, LLC",1318 Grant Ave,San Francisco,CA,94133,,,,,87364_20170425,25-04-2017 0:00,78,Routine - Unscheduled,87364_20170425_103149,Wiping cloths not clean or properly stored or inadequate sanitizer,Low Risk
35507,Marina Meats Inc.,2395 Chestnut St,San Francisco,CA,94123,37.8,-122.443,"{'longitude': '-122.442716', 'needs_recoding': False, 'latitude': '37.799944', 'human_address': '{""address"":"""",""city"":"""",""state"":"""",""zip"":""""}'}",,35507_20160212,12-02-2016 0:00,82,Routine - Unscheduled,35507_20160212_103145,Improper storage of equipment utensils or linens,Low Risk
77767,The Willows,1582 Folsom St,San Francisco,CA,94103,,,,,77767_20171023,23-10-2017 0:00,92,Routine - Unscheduled,77767_20171023_103154,Unclean or degraded floors walls or ceilings,Low Risk
64236,Sutter Pub and Restaurant,700 Sutter St,San Francisco,CA,94102,37.789,-122.412,"{'longitude': '-122.41188', 'needs_recoding': False, 'latitude': '37.78881', 'human_address': '{""address"":"""",""city"":"""",""state"":"""",""zip"":""""}'}",,64236_20161025,25-10-2016 0:00,90,Routine - Unscheduled,64236_20161025_103149,Wiping cloths not clean or properly stored or inadequate sanitizer,Low Risk
80460,Tai Hing Inc.,681 Broadway St,San Francisco,CA,,,,,14155666668,80460_20180420,20-04-2018 0:00,90,Routine - Unscheduled,80460_20180420_103144,Unapproved or unmaintained equipment or utensils,Low Risk
86475,Sushi Hon,2598 Harrison St,San Francisco,CA,94110,,,,,86475_20160616,16-06-2016 0:00,,New Ownership,,,
65834,Roma Pizzeria,5099 MISSION St,San Francisco,CA,94112,37.717,-122.44,"{'longitude': '-122.440265', 'needs_recoding': False, 'latitude': '37.717423', 'human_address': '{""address"":"""",""city"":"""",""state"":"""",""zip"":""""}'}",,65834_20160809,09-08-2016 0:00,78,Routine - Unscheduled,65834_20160809_103124,Inadequately cleaned or sanitized food contact surfaces,Moderate Risk
87048,Hans Coffee Shop,900 Sutter St,San Francisco,CA,94109,,,,,87048_20160413,13-04-2016 0:00,,Structural Inspection,,,
93968,Pollo Campero,2740 Mission St,San Francisco,CA,94110,,,,14155620801,93968_20171120,20-11-2017 0:00,,New Ownership,93968_20171120_103142,Unclean nonfood contact surfaces,Low Risk
86718,Lollipot,890 Taraval St,San Francisco,CA,94116,,,,14155818962,86718_20180522,22-05-2018 0:00,45,Routine - Unscheduled,86718_20180522_103154,Unclean or degraded floors walls or ceilings,Low Risk
86718,Lollipot,890 Taraval St,San Francisco,CA,94116,,,,14155818962,86718_20180522,22-05-2018 0:00,45,Routine - Unscheduled,86718_20180522_103133,Foods not protected from contamination,Moderate Risk
86647,Da Cafe,407 Clement St,San Francisco,CA,94118,,,,,86647_20160907,07-09-2016 0:00,48,Routine - Unscheduled,86647_20160907_103112,No hot water or running water,High Risk
86718,Lollipot,890 Taraval St,San Francisco,CA,94116,,,,14155818962,86718_20180522,22-05-2018 0:00,45,Routine - Unscheduled,86718_20180522_103102,Unclean hands or improper use of gloves,High Risk
86718,Lollipot,890 Taraval St,San Francisco,CA,94116,,,,14155818962,86718_20180522,22-05-2018 0:00,45,Routine - Unscheduled,86718_20180522_103115,Other high risk violation,High Risk
86718,Lollipot,890 Taraval St,San Francisco,CA,94116,,,,14155818962,86718_20180522,22-05-2018 0:00,45,Routine - Unscheduled,86718_20180522_103139,Improper food storage,Low Risk
86718,Lollipot,890 Taraval St,San Francisco,CA,94116,,,,14155818962,86718_20180522,22-05-2018 0:00,45,Routine - Unscheduled,86718_20180522_103116,Inadequate food safety knowledge or lack of certified food safety manager,Moderate Risk
86647,Da Cafe,407 Clement St,San Francisco,CA,94118,,,,,86647_20160907,07-09-2016 0:00,48,Routine - Unscheduled,86647_20160907_103109,Unclean or unsanitary food contact surfaces,High Risk
86647,Da Cafe,407 Clement St,San Francisco,CA,94118,,,,,86647_20160907,07-09-2016 0:00,48,Routine - Unscheduled,86647_20160907_103102,Unclean hands or improper use of gloves,High Risk
86647,Da Cafe,407 Clement St,San Francisco,CA,94118,,,,,86647_20160907,07-09-2016 0:00,48,Routine - Unscheduled,86647_20160907_103114,High risk vermin infestation,High Risk
500,Roxanne Cafe,570 Powell St,San Francisco,CA,94108,37.79,-122.409,"{'longitude': '-122.408688', 'needs_recoding': False, 'latitude': '37.790003'}",,500_20150930,30-09-2015 0:00,86,Routine - Unscheduled,500_20150930_103145,Improper storage of equipment utensils or linens,Low Risk
500,Roxanne Cafe,570 Powell St,San Francisco,CA,94108,37.79,-122.409,"{'longitude': '-122.408688', 'needs_recoding': False, 'latitude': '37.790003', 'human_address': '{""address"":"""",""city"":"""",""state"":"""",""zip"":""""}'}",,500_20180403,03-04-2018 0:00,92,Routine - Unscheduled,500_20180403_103149,Wiping cloths not clean or properly stored or inadequate sanitizer,Low Risk
500,Roxanne Cafe,570 Powell St,San Francisco,CA,94108,37.79,-122.409,"{'longitude': '-122.408688', 'needs_recoding': False, 'latitude': '37.790003', 'human_address': '{""address"":"""",""city"":"""",""state"":"""",""zip"":""""}'}",,500_20161128,28-11-2016 0:00,89,Routine - Unscheduled,500_20161128_103133,Foods not protected from contamination,Moderate Risk
500,Roxanne Cafe,570 Powell St,San Francisco,CA,94108,37.79,-122.409,"{'longitude': '-122.408688', 'needs_recoding': False, 'latitude': '37.790003', 'human_address': '{""address"":"""",""city"":"""",""state"":"""",""zip"":""""}'}",,500_20150930,30-09-2015 0:00,86,Routine - Unscheduled,500_20150930_103120,Moderate risk food holding temperature,Moderate Risk
500,Roxanne Cafe,570 Powell St,San Francisco,CA,94108,37.79,-122.409,"{'longitude': '-122.408688', 'needs_recoding': False, 'latitude': '37.790003'}",,500_20150930,30-09-2015 0:00,86,Routine - Unscheduled,500_20150930_103142,Unclean nonfood contact surfaces,Low Risk
500,Roxanne Cafe,570 Powell St,San Francisco,CA,94108,37.79,-122.409,"{'longitude': '-122.408688', 'needs_recoding': False, 'latitude': '37.790003'}",,500_20150930,30-09-2015 0:00,86,Routine - Unscheduled,500_20150930_103154,Unclean or degraded floors walls or ceilings,Low Risk
500,Roxanne Cafe,570 Powell St,San Francisco,CA,94108,37.79,-122.409,"{'longitude': '-122.408688', 'needs_recoding': False, 'latitude': '37.790003'}",,500_20150930,30-09-2015 0:00,86,Routine - Unscheduled,500_20150930_103119,Inadequate and inaccessible handwashing facilities,Moderate Risk
500,Roxanne Cafe,570 Powell St,San Francisco,CA,94108,37.79,-122.409,"{'longitude': '-122.408688', 'needs_recoding': False, 'latitude': '37.790003', 'human_address': '{""address"":"""",""city"":"""",""state"":"""",""zip"":""""}'}",,500_20180403,03-04-2018 0:00,92,Routine - Unscheduled,500_20180403_103120,Moderate risk food holding temperature,Moderate Risk
500,Roxanne Cafe,570 Powell St,San Francisco,CA,94108,37.79,-122.409,"{'longitude': '-122.408688', 'needs_recoding': False, 'latitude': '37.790003', 'human_address': '{""address"":"""",""city"":"""",""state"":"""",""zip"":""""}'}",,500_20180403,03-04-2018 0:00,92,Routine - Unscheduled,500_20180403_103144,Unapproved or unmaintained equipment or utensils,Low Risk
500,Roxanne Cafe,570 Powell St,San Francisco,CA,94108,37.79,-122.409,"{'longitude': '-122.408688', 'needs_recoding': False, 'latitude': '37.790003', 'human_address': '{""address"":"""",""city"":"""",""state"":"""",""zip"":""""}'}",,500_20161128,28-11-2016 0:00,89,Routine - Unscheduled,500_20161128_103105,Improper cooling methods,High Risk
